id,kind,frm,to,length,roughness,shape,g1,g2,g3,g4,in_off,out_off,objectid
P0001,pipe,D0001,D0002,652.2453563875232,0.013,RECT_CLOSED,1.36,1.36,0.0,0.0,0.0,0.0,2099.0
P0002,pipe,D0003,D0004,202.36260605798216,0.013,RECT_CLOSED,0.8,0.8,0.0,0.0,0.0,0.0,2100.0
P0003,pipe,D0005,D0006,212.75831300843038,0.013,RECT_CLOSED,1.5,1.5,0.0,0.0,0.0,0.0,2101.0
P0004,pipe,D0007,D0008,84.93255050389229,0.013,RECT_CLOSED,0.9,0.9,0.0,0.0,0.0,0.0,2102.0
P0005,pipe,D0009,D0010,142.04563060647413,0.013,RECT_CLOSED,0.9,0.9,0.0,0.0,0.0,0.0,2103.0
P0006,pipe,D0011,D0012,18.48615259220823,0.013,RECT_CLOSED,0.9,0.9,0.0,0.0,0.0,0.0,2104.0
P0007,pipe,D0013,D0014,231.252926179851,0.013,RECT_CLOSED,0.9,0.9,0.0,0.0,0.0,0.0,2105.0
P0008,pipe,D0015,D0016,363.03336485503024,0.013,RECT_CLOSED,1.2,1.2,0.0,0.0,0.0,0.0,2106.0
P0009,pipe,D0017,D0018,353.0233758974698,0.013,RECT_CLOSED,1.2,1.2,0.0,0.0,0.0,0.0,2107.0
P0010,pipe,D0019,D0020,152.463393685191,0.013,RECT_CLOSED,1.2,1.2,0.0,0.0,0.0,0.0,2108.0
P0011,pipe,D0021,D0022,111.83998438906661,0.013,RECT_CLOSED,0.9,0.9,0.0,0.0,0.0,0.0,2109.0
P0012,pipe,D0023,D0024,54.98235897001138,0.013,RECT_CLOSED,1.2,1.2,0.0,0.0,0.0,0.0,2110.0
P0013,pipe,D0025,D0026,345.43618959394036,0.013,RECT_CLOSED,1.1,1.1,0.0,0.0,0.0,0.0,2111.0
P0014,pipe,D0027,D0028,275.9309483676111,0.013,RECT_CLOSED,0.9,0.9,0.0,0.0,0.0,0.0,2112.0
P0015,pipe,D0029,D0030,323.75655473257103,0.013,RECT_CLOSED,1.1,1.1,0.0,0.0,0.0,0.0,2113.0
P0016,pipe,D0031,D0032,147.3672791141214,0.013,RECT_CLOSED,1.2,1.2,0.0,0.0,0.0,0.0,2114.0
P0017,pipe,D0033,D0034,169.97813272047446,0.013,RECT_CLOSED,0.9,0.9,0.0,0.0,0.0,0.0,2115.0
P0018,pipe,D0035,D0103,105.74952632874275,0.013,RECT_CLOSED,0.9,0.9,0.0,0.0,0.0,0.5750000000000002,2116.0
P0019,pipe,D0036,D0037,167.53986497013466,0.013,RECT_CLOSED,0.9,0.9,0.0,0.0,0.0,0.0,2117.0
P0020,pipe,D0038,D0039,179.2462080276258,0.013,RECT_CLOSED,1.15,1.15,0.0,0.0,0.0,0.0,2118.0
P0021,pipe,D0040,D0041,415.3025818951399,0.013,RECT_CLOSED,1.15,1.15,0.0,0.0,0.0,0.0,2119.0
P0022,pipe,D0042,D0043,60.359510932428776,0.013,RECT_CLOSED,0.72,0.72,0.0,0.0,0.0,0.0,2120.0
P0023,pipe,D0044,D0045,245.3774633261888,0.013,RECT_CLOSED,0.8,0.8,0.0,0.0,0.0,0.0,2121.0
P0024,pipe,D0046,D0047,82.79430952269405,0.013,RECT_CLOSED,0.9,0.9,0.0,0.0,0.0,0.0,2122.0
P0025,pipe,D0048,D0049,186.69908336829087,0.013,RECT_CLOSED,1.15,1.15,0.0,0.0,0.0,0.0,2123.0
P0026,pipe,D0050,D0051,61.12186413154674,0.013,RECT_CLOSED,1.1,1.1,0.0,0.0,0.0,0.0,2124.0
P0027,pipe,D0052,D0053,170.1846122513253,0.013,RECT_CLOSED,1.2,1.2,0.0,0.0,0.0,0.0,2125.0
P0028,pipe,D0054,D0055,181.97281319521477,0.013,RECT_CLOSED,1.2,1.2,0.0,0.0,0.0,0.39999999999999947,2126.0
P0029,pipe,D0056,D0057,109.66246678048566,0.013,RECT_CLOSED,0.9,0.9,0.0,0.0,0.0,0.0,2127.0
P0030,pipe,D0057,D0058,65.76419928979934,0.013,RECT_CLOSED,1.15,1.15,0.0,0.0,0.7309999999999999,0.0,2128.0
P0031,pipe,D0034,D0059,192.2375806526905,0.013,RECT_CLOSED,0.65,0.65,0.0,0.0,0.08800000000000008,0.0,2129.0
P0032,pipe,D0061,D0060,277.2370533105523,0.013,RECT_CLOSED,0.7,0.7,0.0,0.0,0.0,0.0,2130.0
P0033,pipe,D0062,D0063,180.8263760039114,0.013,RECT_CLOSED,0.74,0.74,0.0,0.0,0.0,0.0,2131.0
P0034,pipe,D0064,D0065,176.40711066584595,0.013,RECT_CLOSED,0.95,0.95,0.0,0.0,0.0,0.0,2132.0
P0035,pipe,D0066,D0067,153.89172936837733,0.013,RECT_CLOSED,0.9,0.9,0.0,0.0,0.0,0.0,2133.0
P0036,pipe,D0068,D0069,167.11755293805797,0.013,RECT_CLOSED,0.75,0.75,0.0,0.0,0.0,0.0,2134.0
P0037,pipe,D0070,D0071,120.18650186354459,0.013,RECT_CLOSED,0.7,0.7,0.0,0.0,0.0,0.0,2135.0
P0038,pipe,D0072,D0073,50.322319396391364,0.013,RECT_CLOSED,0.9,0.9,0.0,0.0,0.0,0.0,2136.0
P0039,pipe,D0074,D0075,61.96641410808893,0.013,RECT_CLOSED,0.9,0.9,0.0,0.0,0.0,0.0,2137.0
P0040,pipe,D0076,D0077,43.61742234104022,0.013,RECT_CLOSED,0.9,0.9,0.0,0.0,0.0,0.0,2138.0
P0041,pipe,D0078,D0079,172.2206491453015,0.013,RECT_CLOSED,0.9,0.9,0.0,0.0,0.0,0.0,2139.0
P0042,pipe,D0080,D0081,128.7328252229339,0.013,RECT_CLOSED,0.75,0.75,0.0,0.0,0.0,0.0,2140.0
P0043,pipe,D0082,D0083,215.35790195581123,0.013,RECT_CLOSED,1.2,1.2,0.0,0.0,0.0,0.0,2141.0
P0044,pipe,D0084,D0085,528.883809145525,0.013,RECT_CLOSED,1.2,1.2,0.0,0.0,0.0,0.0,2142.0
P0045,pipe,D0086,D0087,244.2703778296301,0.013,RECT_CLOSED,0.9,0.9,0.0,0.0,0.0,0.0,2143.0
P0046,pipe,D0088,D0089,141.6003726467738,0.013,RECT_CLOSED,1.2,1.2,0.0,0.0,0.0,0.0,2144.0
P0047,pipe,D0090,D0091,539.8775647384274,0.013,RECT_CLOSED,0.8,0.8,0.0,0.0,0.0,0.0,2145.0
P0048,pipe,D0091,D0092,170.18572736100623,0.013,RECT_CLOSED,1.07,1.07,0.0,0.0,0.23600000000000065,0.0,2146.0
P0049,pipe,D0093,D0094,1114.474030541242,0.013,RECT_CLOSED,0.7,0.7,0.0,0.0,0.0,0.0,2147.0
P0050,pipe,D0095,D0096,1138.4614196902523,0.013,RECT_CLOSED,0.7,0.7,0.0,0.0,0.0,0.0,2148.0
P0051,pipe,D0097,D0098,210.0874493161344,0.013,RECT_CLOSED,0.95,0.95,0.0,0.0,0.0,0.0,2149.0
P0052,pipe,D0099,D0100,90.83260253112375,0.013,RECT_CLOSED,1.1,1.1,0.0,0.0,0.0,0.0,2150.0
P0053,pipe,D0100,D0101,501.89423063188855,0.013,RECT_CLOSED,0.98,0.98,0.0,0.0,0.0,0.0,2151.0
P0054,pipe,D0102,D0103,430.06042350882694,0.013,RECT_CLOSED,1.2,1.2,0.0,0.0,0.0,0.0,2152.0
P0055,pipe,D0103,D0104,594.2657732687869,0.013,RECT_CLOSED,1.2,1.2,0.0,0.0,1.2430000000000003,0.0,2153.0
P0056,pipe,D0105,D0055,714.1891111366632,0.013,RECT_CLOSED,1.2,1.2,0.0,0.0,0.0,0.0,2154.0
P0057,pipe,D0106,D0107,113.57308705343509,0.013,RECT_CLOSED,0.9,0.9,0.0,0.0,0.0,0.0,2155.0
P0058,pipe,D0108,D0109,125.35587983623893,0.013,RECT_CLOSED,0.8,0.8,0.0,0.0,0.0,0.0,2156.0
P0059,pipe,D0110,D0111,145.83562069572884,0.013,RECT_CLOSED,0.7,0.7,0.0,0.0,0.0,0.0,2157.0
P0060,pipe,D0112,D0113,130.92287886606002,0.013,RECT_CLOSED,0.74,0.74,0.0,0.0,0.0,0.0,2158.0
P0061,pipe,D0114,D0115,786.6175625767318,0.013,RECT_CLOSED,0.6,0.6,0.0,0.0,0.0,0.0,2160.0
P0062,pipe,D0116,D0117,793.9714044127638,0.013,RECT_CLOSED,0.6,0.6,0.0,0.0,0.1930000000000005,0.0,2161.0
P0063,pipe,D0118,D0119,328.52045273723894,0.013,RECT_CLOSED,1.07,1.07,0.0,0.0,0.0,0.0,2162.0
P0064,pipe,D0120,D0121,322.2696351225956,0.013,RECT_CLOSED,0.9,0.9,0.0,0.0,0.0,0.0,2163.0
P0065,pipe,D0116,D0122,801.6991169263399,0.013,RECT_CLOSED,0.9,0.9,0.0,0.0,0.0,0.0,2164.0
P0066,pipe,D0123,D0124,793.7393347953334,0.013,RECT_CLOSED,0.9,0.9,0.0,0.0,0.0,0.0,2165.0
P0067,pipe,D0125,D0126,359.5190183507311,0.013,RECT_CLOSED,0.8,0.8,0.0,0.0,0.0,0.0,2166.0
P0068,pipe,D0122,D0127,943.5925309588624,0.013,RECT_CLOSED,0.95,0.95,0.0,0.0,0.7749999999999995,0.0,2167.0
P0069,pipe,D0128,D0129,196.07510882879302,0.013,RECT_CLOSED,0.6,0.6,0.0,0.0,0.0,0.0,2168.0
P0070,pipe,D0130,D0131,841.324521100797,0.013,RECT_CLOSED,0.6,0.6,0.0,0.0,0.0,0.0,2169.0
P0071,pipe,D0132,D0133,522.754657965222,0.013,RECT_CLOSED,0.9,0.9,0.0,0.0,0.0,0.0,2170.0
P0072,pipe,D0134,D0135,285.8579937090619,0.013,RECT_CLOSED,0.9,0.9,0.0,0.0,0.0,0.0,2171.0
P0073,pipe,D0136,D0137,287.4364852744436,0.013,RECT_CLOSED,1.01,1.01,0.0,0.0,0.0,0.0,2172.0
P0074,pipe,D0114,D0138,316.8486179675361,0.013,RECT_CLOSED,0.9,0.9,0.0,0.0,0.19899999999999984,0.0,2173.0
P0075,pipe,D0138,D0139,255.73087060576492,0.013,RECT_CLOSED,0.72,0.72,0.0,0.0,1.5439999999999996,0.0,2174.0
P0076,pipe,D0140,D0141,235.1027367489302,0.013,RECT_CLOSED,0.9,0.9,0.0,0.0,0.0,0.16199999999999992,2175.0
P0077,pipe,D0142,D0141,114.73812622606125,0.013,RECT_CLOSED,0.9,0.9,0.0,0.0,0.0,0.0,2176.0
P0078,pipe,D0139,D0143,309.72238281036783,0.013,RECT_CLOSED,0.45,0.45,0.0,0.0,0.07699999999999996,0.0,2177.0
P0079,pipe,D0144,D0145,258.9711611902055,0.013,RECT_CLOSED,1.2,1.2,0.0,0.0,0.0,0.0,2178.0
P0080,pipe,D0146,D0147,257.31282725394334,0.013,RECT_CLOSED,0.8,0.8,0.0,0.0,0.0,0.0,2179.0
P0081,pipe,D0148,D0149,260.87353930954146,0.013,RECT_CLOSED,0.8,0.8,0.0,0.0,0.0,0.0,2180.0
P0082,pipe,D0150,D0151,255.33967443606485,0.013,RECT_CLOSED,1.06,1.06,0.0,0.0,0.0,0.0,2181.0
P0083,pipe,D0152,D0153,321.5419223058411,0.013,RECT_CLOSED,1.03,1.03,0.0,0.0,0.0,0.0,2182.0
P0084,pipe,D0154,D0155,310.2748629569941,0.013,RECT_CLOSED,0.94,0.94,0.0,0.0,0.0,0.0,2183.0
P0085,pipe,D0155,D0156,578.1679730755029,0.013,RECT_CLOSED,0.9,0.9,0.0,0.0,0.48599999999999977,0.0,2184.0
P0086,pipe,D0157,D0158,451.68484711430307,0.013,RECT_CLOSED,0.5,0.5,0.0,0.0,0.0,0.0,2185.0
P0087,pipe,D0159,D0160,304.830893674921,0.013,RECT_CLOSED,0.9,0.9,0.0,0.0,0.0,0.0,2186.0
P0088,pipe,D0161,D0162,208.23454833879077,0.013,RECT_CLOSED,0.6,0.6,0.0,0.0,0.0,0.3120000000000003,2187.0
P0089,pipe,D0162,D0163,89.60412392013642,0.013,RECT_CLOSED,0.8,0.8,0.0,0.0,0.0,0.0,2188.0
P0090,pipe,D0131,D0164,1056.6390786045256,0.013,RECT_CLOSED,0.9,0.9,0.0,0.0,0.2610000000000001,0.0,2189.0
P0091,pipe,D0165,D0166,1047.7675935029415,0.013,RECT_CLOSED,0.9,0.9,0.0,0.0,0.0,0.0,2190.0
P0092,pipe,D0166,D0167,771.2429600619911,0.013,RECT_CLOSED,0.8,0.8,0.0,0.0,0.8179999999999996,0.0,2191.0
P0093,pipe,D0168,D0169,157.03168221791586,0.013,RECT_CLOSED,0.53,0.53,0.0,0.0,0.0,0.032999999999999474,2192.0
P0094,pipe,D0169,D0170,237.09736638580526,0.013,RECT_CLOSED,0.65,0.65,0.0,0.0,0.0,0.0,2193.0
P0095,pipe,D0171,D0172,500.3897578717512,0.013,RECT_CLOSED,0.75,0.75,0.0,0.0,0.0,0.0,2194.0
P0096,pipe,D0173,D0174,222.76616204935064,0.013,RECT_CLOSED,1.04,1.04,0.0,0.0,0.0,0.0,2195.0
P0097,pipe,D0175,D0176,179.4397264418084,0.013,RECT_CLOSED,1.08,1.08,0.0,0.0,0.0,0.0,2196.0
P0098,pipe,D0177,D0178,264.9157706297218,0.013,RECT_CLOSED,0.95,0.95,0.0,0.0,0.0,0.0,2197.0
P0099,pipe,D0179,D0180,219.01602328248947,0.013,RECT_CLOSED,1.04,1.04,0.0,0.0,0.0,0.0,2198.0
P0100,pipe,D0181,D0182,271.8688146483011,0.013,RECT_CLOSED,0.95,0.95,0.0,0.0,0.0,0.0,2199.0
P0101,pipe,D0183,D0184,187.01508143073468,0.013,RECT_CLOSED,1.04,1.04,0.0,0.0,0.0,0.0,2200.0
P0102,pipe,D0185,D0186,367.46630749940533,0.013,RECT_CLOSED,1.04,1.04,0.0,0.0,0.0,0.0,2201.0
P0103,pipe,D0187,D0188,525.8609014402756,0.013,RECT_CLOSED,1.2,1.2,0.0,0.0,0.0,0.0,2202.0
P0104,pipe,D0189,D0190,717.1179024702352,0.013,RECT_CLOSED,0.7,0.7,0.0,0.0,0.0,0.0,2203.0
P0105,pipe,D0191,D0192,407.21993097023216,0.013,RECT_CLOSED,0.85,0.85,0.0,0.0,0.0,0.0,2204.0
P0106,pipe,D0193,D0194,377.4631762820269,0.013,RECT_CLOSED,0.75,0.75,0.0,0.0,0.0,0.0,2205.0
P0107,pipe,D0195,D0196,183.80790751400653,0.013,RECT_CLOSED,0.54,0.54,0.0,0.0,0.0,0.0,2206.0
P0108,pipe,D0197,D0198,238.73344658464248,0.013,RECT_CLOSED,0.6,0.6,0.0,0.0,0.0,0.0,2207.0
P0109,pipe,D0198,D0190,262.2820997064156,0.013,RECT_CLOSED,0.62,0.62,0.0,0.0,0.016000000000000014,0.5369999999999999,2208.0
P0110,pipe,D0199,D0200,190.0658893637309,0.013,RECT_CLOSED,1.3,1.3,0.0,0.0,0.0,0.0,2209.0
P0111,pipe,D0200,D0201,215.44711177363098,0.013,RECT_CLOSED,1.2,1.2,0.0,0.0,2.17,0.0,2210.0
P0112,pipe,D0202,D0203,179.31054499143568,0.013,RECT_CLOSED,0.9,0.9,0.0,0.0,0.0,0.0,2211.0
P0113,pipe,D0204,D0205,687.9169354980929,0.013,RECT_CLOSED,0.7,0.7,0.0,0.0,0.0,0.0,2212.0
P0114,pipe,D0189,D0206,209.15522059271984,0.013,RECT_CLOSED,1.2,1.2,0.0,0.0,2.2639999999999993,0.005999999999999339,2213.0
P0115,pipe,D0206,D0207,543.6156133133795,0.013,RECT_CLOSED,0.82,0.82,0.0,0.0,0.0,0.0,2214.0
P0116,pipe,D0208,D0209,460.64514804916166,0.013,RECT_CLOSED,0.9,0.9,0.0,0.0,0.0,0.0,6421.0
P0117,pipe,D0210,D0211,213.83091503377588,0.013,RECT_CLOSED,0.9,0.9,0.0,0.0,0.0,0.0,6422.0
P0118,pipe,D0211,D0212,1286.7516584486148,0.013,RECT_CLOSED,1.09,1.09,0.0,0.0,0.8129999999999988,0.0,6423.0
P0119,pipe,D0213,D0214,263.99935918267136,0.013,RECT_CLOSED,0.35,0.35,0.0,0.0,0.0,0.0,6424.0
P0120,pipe,D0215,D0216,491.96862754299104,0.013,RECT_CLOSED,0.6,0.6,0.0,0.0,0.0,0.0,6425.0
P0121,pipe,D0217,D0218,83.74755520025278,0.013,RECT_CLOSED,0.9,0.9,0.0,0.0,0.0,0.0,6426.0
P0122,pipe,D0219,D0220,306.6608970990232,0.013,RECT_CLOSED,0.9,0.9,0.0,0.0,0.0,0.0,6427.0
P0123,pipe,D0221,D0222,209.44527239076825,0.013,RECT_CLOSED,0.8,0.8,0.0,0.0,0.0,0.0,6428.0
P0124,pipe,D0223,D0224,214.66444687603015,0.013,RECT_CLOSED,0.8,0.8,0.0,0.0,0.0,0.0,6429.0
P0125,pipe,D0225,D0226,442.9519269104324,0.013,RECT_CLOSED,1.15,1.15,0.0,0.0,0.0,0.0,6430.0
P0126,pipe,D0227,D0228,213.11109391045488,0.013,RECT_CLOSED,1.12,1.12,0.0,0.0,0.0,0.0,6431.0
P0127,pipe,D0229,D0230,134.82027973708688,0.013,RECT_CLOSED,0.9,0.9,0.0,0.0,0.0,0.0,6432.0
P0128,pipe,D0231,D0232,721.6879831837186,0.013,RECT_CLOSED,0.9,0.9,0.0,0.0,0.0,0.0,6433.0
P0129,pipe,D0233,D0234,133.31258116191827,0.013,RECT_CLOSED,0.8,0.8,0.0,0.0,0.0,0.0,6434.0
P0130,pipe,D0235,D0236,471.6964077677252,0.013,RECT_CLOSED,1.12,1.12,0.0,0.0,0.0,0.0,6435.0
P0131,pipe,D0237,D0238,136.7604859776294,0.013,RECT_CLOSED,0.8,0.8,0.0,0.0,0.0,0.0,6436.0
P0132,pipe,D0239,D0240,162.99385378041873,0.013,RECT_CLOSED,0.9,0.9,0.0,0.0,0.0,0.0,6437.0
P0133,pipe,D0241,D0242,267.99281638453635,0.013,RECT_CLOSED,1.2,1.2,0.0,0.0,0.0,0.0,6438.0
P0134,pipe,D0243,D0244,346.15130719120987,0.013,RECT_CLOSED,1.2,1.12,0.0,0.0,0.0,0.0,6439.0
P0135,pipe,D0245,D0246,61.02027228156638,0.013,RECT_CLOSED,0.9,0.9,0.0,0.0,0.0,0.0,6440.0
P0136,pipe,D0247,D0248,179.8701315865411,0.013,RECT_CLOSED,0.9,0.9,0.0,0.0,0.0,0.0,6441.0
P0137,pipe,D0249,D0250,689.9737119207011,0.013,RECT_CLOSED,1.0,1.0,0.0,0.0,0.0,0.0,6442.0
P0138,pipe,D0251,D0252,485.68531783731396,0.013,RECT_CLOSED,0.7,0.7,0.0,0.0,0.0,0.0,6443.0
P0139,pipe,D0252,D0253,989.2127309391776,0.013,RECT_CLOSED,0.73,0.73,0.0,0.0,0.0,0.0,6444.0
P0140,pipe,D0254,D0255,160.15940270900893,0.013,RECT_CLOSED,1.2,1.2,0.0,0.0,0.0,0.0,6445.0
P0141,pipe,D0256,D0257,300.5388699625186,0.013,RECT_CLOSED,1.01,1.01,0.0,0.0,0.0,0.0,6446.0
P0142,pipe,D0258,D0259,224.99399711728196,0.013,RECT_CLOSED,0.7,0.8,0.0,0.0,0.0,0.0,6447.0
P0143,pipe,D0260,D0261,181.38306015383102,0.013,RECT_CLOSED,0.8,0.8,0.0,0.0,0.0,0.0,6448.0
P0144,pipe,D0224,D0262,251.07521549871834,0.013,RECT_CLOSED,0.9,0.9,0.0,0.0,0.581999999999999,0.0,6449.0
P0145,pipe,D0263,D0264,192.84761385130537,0.013,RECT_CLOSED,1.0,1.0,0.0,0.0,0.0,0.0,7040.0
P0146,pipe,D0265,D0266,200.65515827996242,0.013,RECT_CLOSED,0.72,0.72,0.0,0.0,0.0,0.0,7041.0
P0147,pipe,D0267,D0268,1315.076073151528,0.013,RECT_CLOSED,1.67,1.67,0.0,0.0,0.0,0.0,7042.0
P0148,pipe,D0268,D0269,538.9538752950832,0.013,RECT_CLOSED,1.45,1.45,0.0,0.0,1.407,0.0,7043.0
P0149,pipe,D0270,D0271,110.72928378743359,0.013,RECT_CLOSED,1.16,1.16,0.0,0.0,0.0,0.0,7044.0
P0150,pipe,D0272,D0273,156.4927229856598,0.013,RECT_CLOSED,1.1,1.1,0.0,0.0,0.0,0.0,7045.0
P0151,pipe,D0274,D0275,135.64694372587206,0.013,RECT_CLOSED,0.88,0.88,0.0,0.0,0.0,0.0,7046.0
P0152,pipe,D0276,D0277,716.6922959528764,0.013,RECT_CLOSED,1.02,1.02,0.0,0.0,0.0,0.0,7047.0
P0153,pipe,D0278,D0279,468.323336326993,0.013,RECT_CLOSED,1.09,1.09,0.0,0.0,0.0,0.0,7048.0
P0154,pipe,D0280,D0281,947.5724891024797,0.013,RECT_CLOSED,1.19,1.19,0.0,0.0,0.0,0.0,7049.0
P0155,pipe,D0282,D0283,332.14816019695263,0.013,RECT_CLOSED,1.0,1.0,0.0,0.0,0.0,0.0,7050.0
P0156,pipe,D0284,D0285,454.46135672829035,0.013,RECT_CLOSED,0.74,0.74,0.0,0.0,0.0,0.0,7051.0
P0157,pipe,D0286,D0287,200.84470025635142,0.013,RECT_CLOSED,0.97,0.97,0.0,0.0,0.0,0.0,7052.0
P0158,pipe,D0287,D0288,173.89580315758917,0.013,RECT_CLOSED,0.97,0.97,0.0,0.0,0.038000000000000256,0.0,7053.0
P0159,pipe,D0289,D0290,195.59217008759398,0.013,RECT_CLOSED,1.48,1.48,0.0,0.0,0.0,0.0,7054.0
P0160,pipe,D0291,D0292,204.78617965388838,0.013,RECT_CLOSED,1.69,1.69,0.0,0.0,0.0,0.0,7055.0
P0161,pipe,D0293,D0294,135.89915074471102,0.013,RECT_CLOSED,0.89,0.89,0.0,0.0,0.0,0.0,7056.0
P0162,pipe,D0295,D0296,285.51716315262786,0.013,RECT_CLOSED,1.26,1.26,0.0,0.0,0.0,0.0,7057.0
P0163,pipe,D0297,D0298,342.7272722210304,0.013,RECT_CLOSED,1.15,1.15,0.0,0.0,0.0,0.0,7058.0
P0164,pipe,D0299,D0300,266.3977458203122,0.013,RECT_CLOSED,0.93,0.93,0.0,0.0,0.0,0.0,7059.0
P0165,pipe,D0301,D0302,274.4733983299634,0.013,RECT_CLOSED,0.79,0.79,0.0,0.0,0.0,0.0,7060.0
P0166,pipe,D0303,D0297,93.32798299830674,0.013,RECT_CLOSED,0.75,0.75,0.0,0.0,0.0,0.0,7061.0
P0167,pipe,D0297,D0304,77.19337891139409,0.013,RECT_CLOSED,0.75,0.75,0.0,0.0,0.040000000000000036,0.0,7062.0
P0168,pipe,D0305,D0306,324.3868616967553,0.013,RECT_CLOSED,1.07,1.07,0.0,0.0,0.0,0.0,7063.0
P0169,pipe,D0307,D0308,23.509874710043643,0.013,RECT_CLOSED,1.09,1.09,0.0,0.0,0.0,0.0,7064.0
P0170,pipe,D0309,D0277,1324.1130752477586,0.013,RECT_CLOSED,1.17,1.17,0.0,0.0,0.0,0.5579999999999998,7065.0
P0171,pipe,D0310,D0311,90.6240870725189,0.013,RECT_CLOSED,0.9,0.9,0.0,0.0,0.0,0.0,7066.0
P0172,pipe,D0312,D0313,429.94763930089886,0.013,RECT_CLOSED,0.92,0.92,0.0,0.0,0.0,0.0,7067.0
P0173,pipe,D0314,D0315,102.11951343979652,0.013,RECT_CLOSED,1.34,1.34,0.0,0.0,0.0,0.0,7068.0
P0174,pipe,D0316,D0317,360.3965513572093,0.013,RECT_CLOSED,0.82,0.82,0.0,0.0,0.0,0.0,7069.0
P0175,pipe,D0318,D0319,183.9164332718339,0.013,RECT_CLOSED,0.92,0.92,0.0,0.0,0.0,0.0,7070.0
P0176,pipe,D0320,D0321,135.8764279741939,0.013,RECT_CLOSED,0.78,0.78,0.0,0.0,0.0,0.0,7071.0
P0177,pipe,D0322,D0323,156.48417281561734,0.013,RECT_CLOSED,1.22,1.22,0.0,0.0,0.0,0.0,7072.0
P0178,pipe,D0324,D0325,279.7845438088114,0.013,RECT_CLOSED,0.96,0.96,0.0,0.0,0.0,0.0,7073.0
P0179,pipe,D0326,D0327,297.33732303929503,0.013,RECT_CLOSED,1.11,1.11,0.0,0.0,0.0,0.0,7074.0
P0180,pipe,D0328,D0329,141.15490069852098,0.013,RECT_CLOSED,0.87,0.87,0.0,0.0,0.0,0.0,7075.0
P0181,pipe,D0330,D0331,68.01054408867708,0.013,RECT_CLOSED,1.24,1.24,0.0,0.0,0.0,0.0,7076.0
P0182,pipe,D0332,D0333,256.683368088861,0.013,RECT_CLOSED,1.11,1.11,0.0,0.0,0.0,0.0,7077.0
P0183,pipe,D0334,D0335,263.4262745034777,0.013,RECT_CLOSED,1.11,1.11,0.0,0.0,0.0,0.0,7078.0
P0184,pipe,D0336,D0337,217.40102696036627,0.013,RECT_CLOSED,0.84,0.84,0.0,0.0,0.0,0.0,7079.0
P0185,pipe,D0338,D0339,220.24876181331186,0.013,RECT_CLOSED,1.11,1.11,0.0,0.0,0.34800000000000075,0.0,7080.0
P0186,pipe,D0340,D0341,92.13024187754444,0.013,RECT_CLOSED,1.47,1.47,0.0,0.0,0.0,0.0,7081.0
P0187,pipe,D0342,D0343,82.26666366269933,0.013,RECT_CLOSED,0.84,0.84,0.0,0.0,0.0,0.0,7082.0
P0188,pipe,D0344,D0345,62.66369052005092,0.013,RECT_CLOSED,0.7,0.7,0.0,0.0,0.0,0.0,7083.0
P0189,pipe,D0346,D0347,89.9506990255932,0.013,RECT_CLOSED,1.17,1.17,0.0,0.0,0.0,0.0,7084.0
P0190,pipe,D0348,D0349,209.98380656683054,0.013,RECT_CLOSED,1.22,1.22,0.0,0.0,0.0,0.0,7085.0
P0191,pipe,D0294,D0350,128.38866697490528,0.013,RECT_CLOSED,0.88,0.88,0.0,0.0,0.5910000000000002,0.0,7086.0
P0192,pipe,D0351,D0352,509.36237687093495,0.013,RECT_CLOSED,1.15,1.15,0.0,0.0,0.0,0.0,7087.0
P0193,pipe,D0351,D0353,139.08549145510355,0.013,RECT_CLOSED,1.08,1.08,0.0,0.0,0.0,0.0,7088.0
P0194,pipe,D0354,D0355,432.7248816823616,0.013,RECT_CLOSED,1.14,1.14,0.0,0.0,0.0,0.0,7089.0
P0195,pipe,D0356,D0265,63.397767566473,0.013,RECT_CLOSED,0.91,0.91,0.0,0.0,0.0,0.0,7090.0
P0196,pipe,D0269,D0357,256.64715348085883,0.013,RECT_CLOSED,1.24,1.24,0.0,0.0,1.407,0.0,7091.0
P0197,pipe,D0358,D0338,139.89688045860035,0.013,RECT_CLOSED,1.4,1.4,0.0,0.0,0.0,0.0,7092.0
P0198,pipe,D0341,D0343,40.25726251893938,0.013,RECT_CLOSED,0.79,0.79,0.0,0.0,0.5659999999999998,0.019999999999999574,7093.0
X0001,stub,D0297,S264480800,5.0,0.025,TRAPEZOIDAL,0.3,6.0,3.0,3.0,2.272863354836569,0.0,
X0002,stub,D0302,S264480800,5.289705507176286,0.025,TRAPEZOIDAL,0.3,6.0,3.0,3.0,2.5725069936696476,0.0,
X0003,stub,D0041,S2168615883,6.447464612894702,0.025,TRAPEZOIDAL,0.3,6.0,3.0,3.0,1.4499999999999993,0.0,
X0004,stub,D0044,S2168615883,5.0,0.025,TRAPEZOIDAL,0.3,6.0,3.0,3.0,1.0999999999999996,0.0,
X0005,stub,S250364831,D0325,8.436795002933284,0.025,TRAPEZOIDAL,0.3,6.0,3.0,3.0,0.0,4.05901060282168,
X0006,stub,D0330,S250364831,5.0,0.025,TRAPEZOIDAL,0.3,6.0,3.0,3.0,2.7863997881872535,0.0,
X0007,stub,D0020,S293552653,6.103171179055941,0.025,TRAPEZOIDAL,0.3,6.0,3.0,3.0,1.4999999999999991,0.0,
X0008,stub,D0023,S293552653,5.0,0.025,TRAPEZOIDAL,0.3,6.0,3.0,3.0,1.4999999999999982,0.0,
X0009,stub,D0083,S298357557,5.0,0.025,TRAPEZOIDAL,0.3,6.0,3.0,3.0,3.2776319200608945,0.0,
X0010,stub,D0088,S298357557,5.665701779364199,0.025,TRAPEZOIDAL,0.3,6.0,3.0,3.0,3.3653133160792432,0.0,
X0011,stub,S298357564,D0008,7.881129437426828,0.025,TRAPEZOIDAL,0.3,6.0,3.0,3.0,0.0,3.1531271643519085,
X0012,stub,S298357564,D0009,5.0,0.025,TRAPEZOIDAL,0.3,6.0,3.0,3.0,0.0,1.4668249297209233,
X0013,stub,D0002,S277434833,6.3283313703112665,0.025,TRAPEZOIDAL,0.3,6.0,3.0,3.0,1.6599999999999993,0.0,
X0014,stub,D0105,S277434833,5.182636445097881,0.025,TRAPEZOIDAL,0.3,6.0,3.0,3.0,1.4999999999999991,0.0,
X0015,stub,D0077,S293552337,8.276955478834678,0.025,TRAPEZOIDAL,0.3,6.0,3.0,3.0,2.9479683408776616,0.0,
X0016,stub,S293552337,D0107,5.0,0.025,TRAPEZOIDAL,0.3,6.0,3.0,3.0,0.0,1.8684908842288213,
X0017,stub,D0339,S250364941,9.287155327685559,0.025,TRAPEZOIDAL,0.3,6.0,3.0,3.0,1.4100000000000001,0.0,
X0018,stub,D0340,S250364941,5.0,0.025,TRAPEZOIDAL,0.3,6.0,3.0,3.0,1.7699999999999987,0.0,
X0019,stub,D0168,S2001005470,5.0,0.025,TRAPEZOIDAL,0.3,6.0,3.0,3.0,3.7889998950599484,0.0,
X0020,stub,S2001005470,D0173,9.682750725347827,0.025,TRAPEZOIDAL,0.3,6.0,3.0,3.0,0.0,3.314646453990573,
X0021,stub,D0153,S2167071723,5.0,0.025,TRAPEZOIDAL,0.3,6.0,3.0,3.0,1.330000000000001,0.0,
X0022,stub,D0154,S2167071723,9.913300536005186,0.025,TRAPEZOIDAL,0.3,6.0,3.0,3.0,1.2399999999999993,0.0,
X0023,stub,S293551759,D0075,5.0,0.025,TRAPEZOIDAL,0.3,6.0,3.0,3.0,0.0,1.375496186588446,
X0024,stub,D0108,S293551759,10.416613388074241,0.025,TRAPEZOIDAL,0.3,6.0,3.0,3.0,1.0999999999999996,0.0,
X0025,stub,D0010,S298357563,5.919902232052259,0.025,TRAPEZOIDAL,0.3,6.0,3.0,3.0,1.2000000000000002,0.0,
X0026,stub,D0012,S298357563,8.113497988765275,0.025,TRAPEZOIDAL,0.3,6.0,3.0,3.0,1.3506158681323672,0.0,
X0027,stub,S293551759,D0070,10.841833879629199,0.025,TRAPEZOIDAL,0.3,6.0,3.0,3.0,0.0,1.3135123938985842,
X0028,stub,D0032,S298357517,8.258414772572873,0.025,TRAPEZOIDAL,0.3,6.0,3.0,3.0,1.4999999999999991,0.0,
X0029,stub,D0053,S298357517,6.144656142556262,0.025,TRAPEZOIDAL,0.3,6.0,3.0,3.0,1.4999999999999982,0.0,
X0030,stub,D0285,S11044402724,9.055262414201179,0.025,TRAPEZOIDAL,0.3,6.0,3.0,3.0,4.3193845810200395,0.0,
X0031,stub,S11044402724,D0294,5.9538550400058305,0.025,TRAPEZOIDAL,0.3,6.0,3.0,3.0,0.0,3.3899632702277636,
X0032,stub,D0085,S277433905,9.635461929154753,0.025,TRAPEZOIDAL,0.3,6.0,3.0,3.0,1.4999999999999982,0.0,
X0033,stub,D0086,S277433905,6.862518836369804,0.025,TRAPEZOIDAL,0.3,6.0,3.0,3.0,1.1999999999999993,0.0,
X0034,stub,D0017,S2168615884,8.733711736443018,0.025,TRAPEZOIDAL,0.3,6.0,3.0,3.0,1.4999999999999991,0.0,
X0035,stub,D0037,S2168615884,8.006390756928575,0.025,TRAPEZOIDAL,0.3,6.0,3.0,3.0,1.2000000000000002,0.0,
X0036,stub,D0094,S298357282,8.246283614585,0.025,TRAPEZOIDAL,0.3,6.0,3.0,3.0,0.9999999999999982,0.0,
X0037,stub,D0097,S298357282,8.566603109337604,0.025,TRAPEZOIDAL,0.3,6.0,3.0,3.0,1.2499999999999982,0.0,
X0038,stub,D0039,S298357363,8.167225414844086,0.025,TRAPEZOIDAL,0.3,6.0,3.0,3.0,2.4873705703997366,0.0,
X0039,stub,S298357363,D0040,9.535803372578343,0.025,TRAPEZOIDAL,0.3,6.0,3.0,3.0,0.0,1.5853354112295124,
X0040,stub,D0031,S277498133,7.966030993267284,0.025,TRAPEZOIDAL,0.3,6.0,3.0,3.0,1.4999999999999982,0.0,
X0041,stub,D0111,S277498133,10.244889503374035,0.025,TRAPEZOIDAL,0.3,6.0,3.0,3.0,1.0,0.0,
X0042,stub,D0308,S264480792,8.758355347527877,0.025,TRAPEZOIDAL,0.3,6.0,3.0,3.0,1.3899999999999997,0.0,
X0043,stub,D0309,S264480792,9.81843432047262,0.025,TRAPEZOIDAL,0.3,6.0,3.0,3.0,1.4700000000000006,0.0,
X0044,stub,D0279,S2197496777,9.719902987139053,0.025,TRAPEZOIDAL,0.3,6.0,3.0,3.0,3.5523518487281738,0.0,
X0045,stub,D0284,S2197496777,8.92692035605491,0.025,TRAPEZOIDAL,0.3,6.0,3.0,3.0,3.104591429796132,0.0,
X0046,stub,D0025,S2241075504,9.25688799410438,0.025,TRAPEZOIDAL,0.3,6.0,3.0,3.0,1.3999999999999986,0.0,
X0047,stub,D0103,S2241075504,9.65556716162624,0.025,TRAPEZOIDAL,0.3,6.0,3.0,3.0,2.7429999999999986,0.0,
X0048,stub,S11044402724,D0295,14.095430108265477,0.025,TRAPEZOIDAL,0.3,6.0,3.0,3.0,0.0,1.9942841396130522,
X0049,stub,D0087,S298357557,16.2075296978314,0.025,TRAPEZOIDAL,0.3,6.0,3.0,3.0,2.628646423771798,0.0,
X0050,stub,S277433902,D0060,8.751065612098179,0.025,TRAPEZOIDAL,0.3,6.0,3.0,3.0,0.0,1.0173491866008755,
X0051,stub,D0109,S277433902,12.674137053579,0.025,TRAPEZOIDAL,0.3,6.0,3.0,3.0,1.6688689366956169,0.0,
X0052,stub,S12852450821,D0127,20.979925692448532,0.025,TRAPEZOIDAL,0.3,6.0,3.0,3.0,0.0,1.295736776004997,
X0053,stub,D0128,S12852450821,5.0,0.025,TRAPEZOIDAL,0.3,6.0,3.0,3.0,2.475531579810073,0.0,
X0054,stub,D0018,S298357540,5.0,0.025,TRAPEZOIDAL,0.3,6.0,3.0,3.0,1.4999999999999991,0.0,
X0055,stub,D0158,S298357540,20.41637561467876,0.025,TRAPEZOIDAL,0.3,6.0,3.0,3.0,0.7999999999999998,0.0,
X0056,stub,D0114,S2197215502,8.363959152763046,0.025,TRAPEZOIDAL,0.3,6.0,3.0,3.0,1.3989999999999991,0.0,
X0057,stub,D0116,S10596342783,5.0,0.025,TRAPEZOIDAL,0.3,6.0,3.0,3.0,1.200000000000001,0.0,
V0001,street,S2197215502,S10596342783,12.126129275612694,0.025,TRAPEZOIDAL,0.3,6.0,3.0,3.0,0.0,0.0,
X0058,stub,D0006,S298357555,5.0,0.025,TRAPEZOIDAL,0.3,6.0,3.0,3.0,2.2087517080203405,0.0,
X0059,stub,D0019,S293552724,5.0,0.025,TRAPEZOIDAL,0.3,6.0,3.0,3.0,1.4999999999999991,0.0,
V0002,street,S298357555,S293552724,19.05734006297195,0.025,TRAPEZOIDAL,0.3,6.0,3.0,3.0,0.0,0.0,
X0060,stub,D0117,S12852450817,15.708513607976002,0.025,TRAPEZOIDAL,0.3,6.0,3.0,3.0,1.0798938326623517,0.0,
X0061,stub,D0206,S12852450817,12.221187138288924,0.025,TRAPEZOIDAL,0.3,6.0,3.0,3.0,1.5059999999999985,0.0,
X0062,stub,D0212,S10594234677,15.213331060156746,0.025,TRAPEZOIDAL,0.3,6.0,3.0,3.0,1.3899999999999997,0.0,
X0063,stub,D0231,S10594234677,13.046533768513626,0.025,TRAPEZOIDAL,0.3,6.0,3.0,3.0,1.1999999999999993,0.0,
X0064,stub,D0054,S298357517,22.13399945547814,0.025,TRAPEZOIDAL,0.3,6.0,3.0,3.0,2.2141969177005922,0.0,
X0065,stub,D0306,S11740393955,22.250302616396137,0.025,TRAPEZOIDAL,0.3,6.0,3.0,3.0,1.370000000000001,0.0,
X0066,stub,D0307,S11740393955,6.207630049060688,0.025,TRAPEZOIDAL,0.3,6.0,3.0,3.0,1.3899999999999997,0.0,
X0067,stub,D0058,S298357305,7.12072806076037,0.025,TRAPEZOIDAL,0.3,6.0,3.0,3.0,1.4499999999999993,0.0,
X0068,stub,D0065,S298357290,6.515866610534861,0.025,TRAPEZOIDAL,0.3,6.0,3.0,3.0,1.2499999999999982,0.0,
V0003,street,S298357305,S298357290,17.236659541606027,0.025,TRAPEZOIDAL,0.3,6.0,3.0,3.0,0.0,0.0,
X0069,stub,D0215,S314705834,20.523865333881755,0.025,TRAPEZOIDAL,0.3,6.0,3.0,3.0,0.8999999999999986,0.0,
X0070,stub,D0251,S314705834,14.772692039445367,0.025,TRAPEZOIDAL,0.3,6.0,3.0,3.0,0.9999999999999982,0.0,
X0071,stub,S247684414,D0351,5.0,0.025,TRAPEZOIDAL,0.3,6.0,3.0,3.0,0.0,2.059760140855622,
V0004,street,S7045332262,S2197496777,17.114641831120338,0.025,TRAPEZOIDAL,0.3,6.0,3.0,3.0,0.0,0.0,
V0005,street,S7045332262,S247684414,6.998860124001948,0.025,TRAPEZOIDAL,0.3,6.0,3.0,3.0,0.0,0.0,
X0072,stub,D0336,S250364944,10.96249793701311,0.025,TRAPEZOIDAL,0.3,6.0,3.0,3.0,1.3028650272458648,0.0,
X0073,stub,D0341,S250364943,5.0,0.025,TRAPEZOIDAL,0.3,6.0,3.0,3.0,1.7699999999999996,0.0,
V0006,street,S250364943,S250364944,23.99924237096805,0.025,TRAPEZOIDAL,0.3,6.0,3.0,3.0,0.0,0.0,
X0074,stub,S298357620,D0028,25.371557137801254,0.025,TRAPEZOIDAL,0.3,6.0,3.0,3.0,0.0,1.3004046051225622,
X0075,stub,D0092,S298357620,10.916794378903578,0.025,TRAPEZOIDAL,0.3,6.0,3.0,3.0,1.3699999999999992,0.0,
X0076,stub,S2249873820,D0047,5.0,0.025,TRAPEZOIDAL,0.3,6.0,3.0,3.0,0.0,1.7638099898587827,
X0077,stub,D0049,S2168615891,5.0,0.025,TRAPEZOIDAL,0.3,6.0,3.0,3.0,1.4500000000000002,0.0,
V0007,street,S2249873820,S2168615891,27.8261100389835,0.025,TRAPEZOIDAL,0.3,6.0,3.0,3.0,0.0,0.0,
X0078,stub,D0240,S1954824816,5.0,0.025,TRAPEZOIDAL,0.3,6.0,3.0,3.0,1.1999999999999993,0.0,
X0079,stub,D0257,S2168676380,6.603435689705662,0.025,TRAPEZOIDAL,0.3,6.0,3.0,3.0,1.9660550853044132,0.0,
V0008,street,S2168676380,S1954824816,28.655641569580943,0.025,TRAPEZOIDAL,0.3,6.0,3.0,3.0,0.0,0.0,
X0080,stub,D0164,S13904341351,18.052601536271556,0.025,TRAPEZOIDAL,0.3,6.0,3.0,3.0,4.379422163917967,0.0,
X0081,stub,D0165,S13904341350,14.876405557272864,0.025,TRAPEZOIDAL,0.3,6.0,3.0,3.0,1.3069039432247536,0.0,
V0009,street,S13904341351,S13904341350,7.2914431791812815,0.025,TRAPEZOIDAL,0.3,6.0,3.0,3.0,0.0,0.0,
X0082,stub,D0213,S301627205,17.039635180592093,0.025,TRAPEZOIDAL,0.3,6.0,3.0,3.0,0.6499999999999986,0.0,
X0083,stub,D0250,S315263005,5.9638993448765545,0.025,TRAPEZOIDAL,0.3,6.0,3.0,3.0,1.299999999999999,0.0,
V0010,street,S301627205,S315263005,17.877138757056393,0.025,TRAPEZOIDAL,0.3,6.0,3.0,3.0,0.0,0.0,
X0084,stub,D0180,S2001005529,15.968563578407833,0.025,TRAPEZOIDAL,0.3,6.0,3.0,3.0,2.409763253116556,0.0,
X0085,stub,D0183,S11815824213,5.0,0.025,TRAPEZOIDAL,0.3,6.0,3.0,3.0,1.5414500096653923,0.0,
V0011,street,S11815824213,S2001005529,20.59536843661915,0.025,TRAPEZOIDAL,0.3,6.0,3.0,3.0,0.0,0.0,
X0086,stub,D0067,S298357288,5.391038128633208,0.025,TRAPEZOIDAL,0.3,6.0,3.0,3.0,1.3952523315448486,0.0,
X0087,stub,D0095,S298357304,20.424711380070832,0.025,TRAPEZOIDAL,0.3,6.0,3.0,3.0,0.9999999999999982,0.0,
V0012,street,S298357288,S298357304,16.57418786026925,0.025,TRAPEZOIDAL,0.3,6.0,3.0,3.0,0.0,0.0,
X0088,stub,D0122,S11549371804,18.34750606073502,0.025,TRAPEZOIDAL,0.3,6.0,3.0,3.0,2.2390055379220613,0.0,
X0089,stub,D0124,S248697312,18.711265682895736,0.025,TRAPEZOIDAL,0.3,6.0,3.0,3.0,1.200000000000001,0.0,
V0013,street,S11549371804,S248697312,5.915112063986626,0.025,TRAPEZOIDAL,0.3,6.0,3.0,3.0,0.0,0.0,
X0090,stub,D0130,S11549371805,12.261678174536158,0.025,TRAPEZOIDAL,0.3,6.0,3.0,3.0,0.8999999999999995,0.0,
V0014,street,S11549371804,S11549371805,13.33963399277846,0.025,TRAPEZOIDAL,0.3,6.0,3.0,3.0,0.0,0.0,
X0091,stub,S11056152025,D0345,14.958992560603596,0.025,TRAPEZOIDAL,0.3,6.0,3.0,3.0,0.0,1.0000000000000009,
X0092,stub,S9189087182,D0347,7.100224274273648,0.025,TRAPEZOIDAL,0.3,6.0,3.0,3.0,0.0,2.425874414662231,
V0015,street,S9189087182,S11056152025,21.96448467584104,0.025,TRAPEZOIDAL,0.3,6.0,3.0,3.0,0.0,0.0,
X0093,stub,S250364974,D0273,39.596341364659,0.025,TRAPEZOIDAL,0.3,6.0,3.0,3.0,0.0,3.1305052438472742,
X0094,stub,D0274,S250364974,5.0,0.025,TRAPEZOIDAL,0.3,6.0,3.0,3.0,3.189257175432447,0.0,
X0095,stub,D0061,S293551756,22.051970122971,0.025,TRAPEZOIDAL,0.3,6.0,3.0,3.0,2.820769010198231,0.0,
X0096,stub,S293551756,D0098,22.725519418730794,0.025,TRAPEZOIDAL,0.3,6.0,3.0,3.0,0.0,1.3797155979377829,
X0097,stub,D0204,S13907501733,14.063722272714552,0.025,TRAPEZOIDAL,0.3,6.0,3.0,3.0,1.0,0.0,
X0098,stub,D0207,S245579177,26.093345570661487,0.025,TRAPEZOIDAL,0.3,6.0,3.0,3.0,1.120000000000001,0.0,
V0016,street,S245579177,S13907501733,5.678350246267318,0.025,TRAPEZOIDAL,0.3,6.0,3.0,3.0,0.0,0.0,
X0099,stub,D0288,S264480929,5.798627608304526,0.025,TRAPEZOIDAL,0.3,6.0,3.0,3.0,1.2700000000000005,0.0,
X0100,stub,D0289,S264480935,6.590994675177021,0.025,TRAPEZOIDAL,0.3,6.0,3.0,3.0,1.7800000000000002,0.0,
V0017,street,S264480935,S264480929,33.70288289412101,0.025,TRAPEZOIDAL,0.3,6.0,3.0,3.0,0.0,0.0,
X0101,stub,S2068622249,D0119,5.0,0.025,TRAPEZOIDAL,0.3,6.0,3.0,3.0,0.0,2.4332217132398544,
X0102,stub,S2068622274,D0125,12.336316541585006,0.025,TRAPEZOIDAL,0.3,6.0,3.0,3.0,0.0,1.1371836470800636,
V0018,street,S2068622274,S2068622249,35.968834946255335,0.025,TRAPEZOIDAL,0.3,6.0,3.0,3.0,0.0,0.0,
X0103,stub,D0167,S1702257618,14.952154324805083,0.025,TRAPEZOIDAL,0.3,6.0,3.0,3.0,1.1000000000000005,0.0,
X0104,stub,D0171,S11777931844,8.425724777676477,0.025,TRAPEZOIDAL,0.3,6.0,3.0,3.0,1.0500000000000007,0.0,
V0019,street,S11777931844,S1702257618,26.10179609998802,0.025,TRAPEZOIDAL,0.3,6.0,3.0,3.0,0.0,0.0,
X0105,stub,S2197215512,D0120,7.719480002248371,0.025,TRAPEZOIDAL,0.3,6.0,3.0,3.0,0.0,3.2019071380361677,
X0106,stub,S2168721295,D0143,8.580183064257378,0.025,TRAPEZOIDAL,0.3,6.0,3.0,3.0,0.0,1.502046179381261,
V0020,street,S2197215512,S10246605657,18.648319595981008,0.025,TRAPEZOIDAL,0.3,6.0,3.0,3.0,0.0,0.0,
V0021,street,S2168721295,S10246605657,15.238244393488198,0.025,TRAPEZOIDAL,0.3,6.0,3.0,3.0,0.0,0.0,
X0107,stub,D0229,S2168756267,5.0,0.025,TRAPEZOIDAL,0.3,6.0,3.0,3.0,1.1999999999999993,0.0,
X0108,stub,D0261,S2168756272,5.371831213346376,0.025,TRAPEZOIDAL,0.3,6.0,3.0,3.0,1.0999999999999996,0.0,
V0022,street,S2168756267,S2168756272,41.76329943786179,0.025,TRAPEZOIDAL,0.3,6.0,3.0,3.0,0.0,0.0,
X0109,stub,D0222,S305540963,5.0,0.025,TRAPEZOIDAL,0.3,6.0,3.0,3.0,1.0999999999999996,0.0,
X0110,stub,D0224,S2270535434,5.355070073586596,0.025,TRAPEZOIDAL,0.3,6.0,3.0,3.0,1.7819999999999983,0.0,
V0023,street,S305540963,S2168756249,26.783616410054503,0.025,TRAPEZOIDAL,0.3,6.0,3.0,3.0,0.0,0.0,
V0024,street,S2168756249,S2270535434,14.446888624174875,0.025,TRAPEZOIDAL,0.3,6.0,3.0,3.0,0.0,0.0,
X0111,stub,D0001,S298357590,45.00381154901826,0.025,TRAPEZOIDAL,0.3,6.0,3.0,3.0,1.6599999999999993,0.0,
X0112,stub,D0003,S298357590,6.576741825693735,0.025,TRAPEZOIDAL,0.3,6.0,3.0,3.0,1.5733119843700365,0.0,
X0113,stub,D0223,S300218446,5.0,0.025,TRAPEZOIDAL,0.3,6.0,3.0,3.0,1.0999999999999996,0.0,
X0114,stub,D0227,S300218456,5.0,0.025,TRAPEZOIDAL,0.3,6.0,3.0,3.0,1.42,0.0,
V0025,street,S300218456,S300218446,45.61788746761308,0.025,TRAPEZOIDAL,0.3,6.0,3.0,3.0,0.0,0.0,
X0115,stub,S2068622261,D0121,5.0,0.025,TRAPEZOIDAL,0.3,6.0,3.0,3.0,0.0,2.095929467386873,
X0116,stub,D0134,S2068622280,5.0,0.025,TRAPEZOIDAL,0.3,6.0,3.0,3.0,2.4410166978944003,0.0,
V0026,street,S2068622261,S2068622280,45.72282300934829,0.025,TRAPEZOIDAL,0.3,6.0,3.0,3.0,0.0,0.0,
X0117,stub,S250363982,D0145,45.60856141385761,0.025,TRAPEZOIDAL,0.3,6.0,3.0,3.0,0.0,2.3951810212500257,
X0118,stub,D0148,S250363982,7.2853698106641405,0.025,TRAPEZOIDAL,0.3,6.0,3.0,3.0,1.9153132953187315,0.0,
X0119,stub,D0253,S277439021,9.752802174765701,0.025,TRAPEZOIDAL,0.3,6.0,3.0,3.0,1.0299999999999994,0.0,
V0027,street,S277439021,S10594234677,30.097755940020473,0.025,TRAPEZOIDAL,0.3,6.0,3.0,3.0,0.0,0.0,
X0120,stub,D0216,S300216374,16.374808287219324,0.025,TRAPEZOIDAL,0.3,6.0,3.0,3.0,0.8999999999999986,0.0,
X0121,stub,D0241,S5328855183,5.0,0.025,TRAPEZOIDAL,0.3,6.0,3.0,3.0,1.4999999999999982,0.0,
V0028,street,S300216374,S5328855183,35.07722074832782,0.025,TRAPEZOIDAL,0.3,6.0,3.0,3.0,0.0,0.0,
X0122,stub,S298139996,D0072,10.079085340634775,0.025,TRAPEZOIDAL,0.3,6.0,3.0,3.0,0.0,1.3189969485639574,
X0123,stub,D0113,S293552349,20.504683027378643,0.025,TRAPEZOIDAL,0.3,6.0,3.0,3.0,1.04,0.0,
V0029,street,S298139996,S293552349,25.760071842229344,0.025,TRAPEZOIDAL,0.3,6.0,3.0,3.0,0.0,0.0,
X0124,stub,D0176,S2001005521,7.594171119424438,0.025,TRAPEZOIDAL,0.3,6.0,3.0,3.0,3.658332362825984,0.0,
X0125,stub,D0188,S2197202980,14.459445976331494,0.025,TRAPEZOIDAL,0.3,6.0,3.0,3.0,3.9560118988071595,0.0,
V0030,street,S2001005521,S2197202980,34.91331274534771,0.025,TRAPEZOIDAL,0.3,6.0,3.0,3.0,0.0,0.0,
X0126,stub,D0139,S250363738,5.724473600619916,0.025,TRAPEZOIDAL,0.3,6.0,3.0,3.0,1.0200000000000005,0.0,
X0127,stub,D0144,S250363925,5.0,0.025,TRAPEZOIDAL,0.3,6.0,3.0,3.0,5.715543527230366,0.0,
V0031,street,S250363925,S250363738,47.537595930212184,0.025,TRAPEZOIDAL,0.3,6.0,3.0,3.0,0.0,0.0,
X0128,stub,D0126,S2197202947,5.0,0.025,TRAPEZOIDAL,0.3,6.0,3.0,3.0,3.1808863726724548,0.0,
X0129,stub,S250319178,D0136,5.626015086987386,0.025,TRAPEZOIDAL,0.3,6.0,3.0,3.0,0.0,2.462329495458981,
V0032,street,S10564932049,S2197202947,14.82329787352688,0.025,TRAPEZOIDAL,0.3,6.0,3.0,3.0,0.0,0.0,
V0033,street,S10564932049,S250319178,33.64273231974349,0.025,TRAPEZOIDAL,0.3,6.0,3.0,3.0,0.0,0.0,
X0130,stub,S2068622246,D0182,5.0,0.025,TRAPEZOIDAL,0.3,6.0,3.0,3.0,0.0,1.367534496539716,
V0034,street,S11815824213,S2068622246,51.598362192754436,0.025,TRAPEZOIDAL,0.3,6.0,3.0,3.0,0.0,0.0,
X0131,stub,D0293,S264481002,13.051560844321553,0.025,TRAPEZOIDAL,0.3,6.0,3.0,3.0,1.1899999999999995,0.0,
X0132,stub,D0301,S264481000,6.273972272659733,0.025,TRAPEZOIDAL,0.3,6.0,3.0,3.0,1.0899999999999999,0.0,
V0035,street,S264481000,S264481002,39.826816260790494,0.025,TRAPEZOIDAL,0.3,6.0,3.0,3.0,0.0,0.0,
X0133,stub,S298357292,D0062,7.546312643727942,0.025,TRAPEZOIDAL,0.3,6.0,3.0,3.0,0.0,2.7672918299834475,
V0036,street,S298357292,S298357305,45.314988974154154,0.025,TRAPEZOIDAL,0.3,6.0,3.0,3.0,0.0,0.0,
V0037,street,S298357517,S298357290,47.77061622649967,0.025,TRAPEZOIDAL,0.3,6.0,3.0,3.0,0.0,0.0,
X0134,stub,D0346,S1283415134,9.062424284770776,0.025,TRAPEZOIDAL,0.3,6.0,3.0,3.0,1.4699999999999998,0.0,
X0135,stub,D0358,S11782130413,5.0,0.025,TRAPEZOIDAL,0.3,6.0,3.0,3.0,1.9516000831952365,0.0,
V0038,street,S11782130413,S1283415134,48.20764269044469,0.025,TRAPEZOIDAL,0.3,6.0,3.0,3.0,0.0,0.0,
X0136,stub,D0021,S298357531,5.0,0.025,TRAPEZOIDAL,0.3,6.0,3.0,3.0,1.9130713972067133,0.0,
V0039,street,S298357531,S293552653,53.41757201010701,0.025,TRAPEZOIDAL,0.3,6.0,3.0,3.0,0.0,0.0,
X0137,stub,D0004,S298357589,5.793301974078983,0.025,TRAPEZOIDAL,0.3,6.0,3.0,3.0,1.643776412719868,0.0,
V0040,street,S298357589,S2168615883,53.865317977558384,0.025,TRAPEZOIDAL,0.3,6.0,3.0,3.0,0.0,0.0,
X0138,stub,D0296,S264480919,7.655885378244519,0.025,TRAPEZOIDAL,0.3,6.0,3.0,3.0,1.5599999999999996,0.0,
X0139,stub,D0299,S264481119,7.250745864478386,0.025,TRAPEZOIDAL,0.3,6.0,3.0,3.0,1.2299999999999995,0.0,
V0041,street,S264480919,S264481119,48.09645670907838,0.025,TRAPEZOIDAL,0.3,6.0,3.0,3.0,0.0,0.0,
X0140,stub,D0277,S11936395332,29.734441143916477,0.025,TRAPEZOIDAL,0.3,6.0,3.0,3.0,2.0280000000000005,0.0,
X0141,stub,D0280,S1879071610,6.487112168155651,0.025,TRAPEZOIDAL,0.3,6.0,3.0,3.0,1.4900000000000002,0.0,
V0042,street,S11936395332,S357985252,19.28489303150366,0.025,TRAPEZOIDAL,0.3,6.0,3.0,3.0,0.0,0.0,
V0043,street,S1879071610,S357985252,7.557120586543281,0.025,TRAPEZOIDAL,0.3,6.0,3.0,3.0,0.0,0.0,
X0142,stub,D0233,S298358306,8.231671722379692,0.025,TRAPEZOIDAL,0.3,6.0,3.0,3.0,1.0999999999999996,0.0,
X0143,stub,D0258,S298358311,5.0,0.025,TRAPEZOIDAL,0.3,6.0,3.0,3.0,0.9999999999999982,0.0,
V0044,street,S298358311,S298358306,52.69730101878283,0.025,TRAPEZOIDAL,0.3,6.0,3.0,3.0,0.0,0.0,
X0144,stub,D0225,S300216386,5.0,0.025,TRAPEZOIDAL,0.3,6.0,3.0,3.0,1.4499999999999993,0.0,
X0145,stub,D0262,S315258974,38.035793036587954,0.025,TRAPEZOIDAL,0.3,6.0,3.0,3.0,1.1999999999999993,0.0,
V0045,street,S300216386,S315258974,23.433169284133992,0.025,TRAPEZOIDAL,0.3,6.0,3.0,3.0,0.0,0.0,
X0146,stub,D0069,S298357284,5.0,0.025,TRAPEZOIDAL,0.3,6.0,3.0,3.0,1.049999999999999,0.0,
X0147,stub,D0071,S12685021118,27.63291935063642,0.025,TRAPEZOIDAL,0.3,6.0,3.0,3.0,0.9999999999999991,0.0,
V0046,street,S298357284,S12685021118,33.40009566672502,0.025,TRAPEZOIDAL,0.3,6.0,3.0,3.0,0.0,0.0,
X0148,stub,D0313,S264480782,7.430425323606894,0.025,TRAPEZOIDAL,0.3,6.0,3.0,3.0,1.2199999999999998,0.0,
X0149,stub,D0314,S264480656,5.0,0.025,TRAPEZOIDAL,0.3,6.0,3.0,3.0,1.6399999999999997,0.0,
V0047,street,S264480656,S264480782,53.62258178902555,0.025,TRAPEZOIDAL,0.3,6.0,3.0,3.0,0.0,0.0,
X0150,stub,D0353,S250364993,60.27622620401761,0.025,TRAPEZOIDAL,0.3,6.0,3.0,3.0,1.3800000000000008,0.0,
X0151,stub,D0354,S250364993,6.170544906195048,0.025,TRAPEZOIDAL,0.3,6.0,3.0,3.0,1.4400000000000004,0.0,
X0152,stub,D0133,S10747978423,11.49980156413676,0.025,TRAPEZOIDAL,0.3,6.0,3.0,3.0,1.2000000000000002,0.0,
X0153,stub,D0177,S2001005468,9.242201403198411,0.025,TRAPEZOIDAL,0.3,6.0,3.0,3.0,1.25,0.0,
V0048,street,S12253059947,S10747978423,21.948565413272,0.025,TRAPEZOIDAL,0.3,6.0,3.0,3.0,0.0,0.0,
V0049,street,S12253059947,S12506778079,5.612925491768477,0.025,TRAPEZOIDAL,0.3,6.0,3.0,3.0,0.0,0.0,
V0050,street,S12506778079,S2197202960,9.1901613826802,0.025,TRAPEZOIDAL,0.3,6.0,3.0,3.0,0.0,0.0,
V0051,street,S2197202960,S2001005468,9.194393774188965,0.025,TRAPEZOIDAL,0.3,6.0,3.0,3.0,0.0,0.0,
X0154,stub,D0335,S250364873,7.32600381535456,0.025,TRAPEZOIDAL,0.3,6.0,3.0,3.0,1.410000000000001,0.0,
V0052,street,S250364944,S250364873,49.24102716921281,0.025,TRAPEZOIDAL,0.3,6.0,3.0,3.0,0.0,0.0,
X0155,stub,D0286,S264480924,5.551775522691454,0.025,TRAPEZOIDAL,0.3,6.0,3.0,3.0,1.2700000000000005,0.0,
X0156,stub,S264480966,D0291,7.025417413385178,0.025,TRAPEZOIDAL,0.3,6.0,3.0,3.0,0.0,2.0818470057868126,
V0053,street,S264480966,S264480924,56.73388139593632,0.025,TRAPEZOIDAL,0.3,6.0,3.0,3.0,0.0,0.0,
X0157,stub,D0316,S264480783,6.402087282927089,0.025,TRAPEZOIDAL,0.3,6.0,3.0,3.0,1.12,0.0,
V0054,street,S264480783,S264480782,57.744043983554995,0.025,TRAPEZOIDAL,0.3,6.0,3.0,3.0,0.0,0.0,
X0158,stub,D0064,S298357289,5.0,0.025,TRAPEZOIDAL,0.3,6.0,3.0,3.0,1.2499999999999982,0.0,
X0159,stub,S298357293,D0066,12.86534266533955,0.025,TRAPEZOIDAL,0.3,6.0,3.0,3.0,0.0,2.9414761082413747,
V0055,street,S298357293,S298357289,57.6398046715603,0.025,TRAPEZOIDAL,0.3,6.0,3.0,3.0,0.0,0.0,
X0160,stub,D0043,S298357573,7.724892674922648,0.025,TRAPEZOIDAL,0.3,6.0,3.0,3.0,1.6220027907921288,0.0,
V0056,street,S298357573,S2168615883,61.229501498197344,0.025,TRAPEZOIDAL,0.3,6.0,3.0,3.0,0.0,0.0,
V0057,street,S298357557,S293552724,63.971585170643195,0.025,TRAPEZOIDAL,0.3,6.0,3.0,3.0,0.0,0.0,
X0161,stub,D0014,S6776936045,6.267636269940608,0.025,TRAPEZOIDAL,0.3,6.0,3.0,3.0,1.1999999999999984,0.0,
X0162,stub,D0089,S10548419786,5.0,0.025,TRAPEZOIDAL,0.3,6.0,3.0,3.0,1.4999999999999991,0.0,
V0058,street,S10548419786,S6776936045,64.32282575078686,0.025,TRAPEZOIDAL,0.3,6.0,3.0,3.0,0.0,0.0,
X0163,stub,D0305,S9819018841,7.833918340275468,0.025,TRAPEZOIDAL,0.3,6.0,3.0,3.0,3.1061610567465134,0.0,
X0164,stub,S309213665,D0310,8.950050336478549,0.025,TRAPEZOIDAL,0.3,6.0,3.0,3.0,0.0,2.1168327316196214,
V0059,street,S9819018841,S313124606,9.305140563402169,0.025,TRAPEZOIDAL,0.3,6.0,3.0,3.0,0.0,0.0,
V0060,street,S309213665,S313124606,47.47220630008208,0.025,TRAPEZOIDAL,0.3,6.0,3.0,3.0,0.0,0.0,
X0165,stub,D0110,S293552350,49.7858601434146,0.025,TRAPEZOIDAL,0.3,6.0,3.0,3.0,4.000089324878761,0.0,
V0061,street,S293552350,S298139996,13.973934340920085,0.025,TRAPEZOIDAL,0.3,6.0,3.0,3.0,0.0,0.0,
X0166,stub,S247680992,D0132,12.648174881233544,0.025,TRAPEZOIDAL,0.3,6.0,3.0,3.0,0.0,1.6088890796499973,
V0062,street,S2068622249,S247680992,61.026600301688525,0.025,TRAPEZOIDAL,0.3,6.0,3.0,3.0,0.0,0.0,
X0167,stub,D0115,S2197415670,19.3176758232126,0.025,TRAPEZOIDAL,0.3,6.0,3.0,3.0,1.4978211697978319,0.0,
X0168,stub,S245579175,D0160,6.202955734643038,0.025,TRAPEZOIDAL,0.3,6.0,3.0,3.0,0.0,2.380883619150426,
V0063,street,S245579175,S2197415670,49.07982448313015,0.025,TRAPEZOIDAL,0.3,6.0,3.0,3.0,0.0,0.0,
X0169,stub,S298357280,D0073,10.498845890380919,0.025,TRAPEZOIDAL,0.3,6.0,3.0,3.0,0.0,2.9223369138552266,
X0170,stub,S298357274,D0074,9.133315494209155,0.025,TRAPEZOIDAL,0.3,6.0,3.0,3.0,0.0,2.2811713938057228,
V0064,street,S298357274,S298357280,55.5794957055017,0.025,TRAPEZOIDAL,0.3,6.0,3.0,3.0,0.0,0.0,
X0171,stub,D0026,S277434835,6.655034427274804,0.025,TRAPEZOIDAL,0.3,6.0,3.0,3.0,1.4000000000000004,0.0,
V0065,street,S298357540,S277434835,63.734408426782274,0.025,TRAPEZOIDAL,0.3,6.0,3.0,3.0,0.0,0.0,
X0172,stub,D0270,S250364964,5.0,0.025,TRAPEZOIDAL,0.3,6.0,3.0,3.0,4.606251739256342,0.0,
X0173,stub,D0272,S250364963,5.0,0.025,TRAPEZOIDAL,0.3,6.0,3.0,3.0,1.3999999999999995,0.0,
V0066,street,S250364964,S250364963,72.05565048778132,0.025,TRAPEZOIDAL,0.3,6.0,3.0,3.0,0.0,0.0,
X0174,stub,D0268,S247681515,9.566999241930153,0.025,TRAPEZOIDAL,0.3,6.0,3.0,3.0,3.156999999999999,0.0,
X0175,stub,D0276,S245578475,11.448363954242106,0.025,TRAPEZOIDAL,0.3,6.0,3.0,3.0,1.3200000000000003,0.0,
V0067,street,S247681515,S245578475,55.371606653219544,0.025,TRAPEZOIDAL,0.3,6.0,3.0,3.0,0.0,0.0,
X0176,stub,D0326,S247681683,5.939019021872146,0.025,TRAPEZOIDAL,0.3,6.0,3.0,3.0,1.4099999999999984,0.0,
X0177,stub,D0329,S250364767,9.989087652451811,0.025,TRAPEZOIDAL,0.3,6.0,3.0,3.0,2.661925879292646,0.0,
V0068,street,S247681683,S250364767,62.33004297427245,0.025,TRAPEZOIDAL,0.3,6.0,3.0,3.0,0.0,0.0,
X0178,stub,D0237,S277439131,5.0,0.025,TRAPEZOIDAL,0.3,6.0,3.0,3.0,1.0999999999999996,0.0,
X0179,stub,D0256,S306531512,5.0,0.025,TRAPEZOIDAL,0.3,6.0,3.0,3.0,1.3099999999999987,0.0,
V0069,street,S1954824857,S277439131,19.486809489798663,0.025,TRAPEZOIDAL,0.3,6.0,3.0,3.0,0.0,0.0,
V0070,street,S306531512,S1954824857,53.7026102120985,0.025,TRAPEZOIDAL,0.3,6.0,3.0,3.0,0.0,0.0,
X0180,stub,S298357276,D0076,12.929663431036987,0.025,TRAPEZOIDAL,0.3,6.0,3.0,3.0,0.0,1.9500601582753525,
V0071,street,S298357276,S298357274,57.92897094428613,0.025,TRAPEZOIDAL,0.3,6.0,3.0,3.0,0.0,0.0,
X0181,stub,S298357558,D0082,5.0,0.025,TRAPEZOIDAL,0.3,6.0,3.0,3.0,0.0,2.005717661810059,
V0072,street,S298357564,S298357558,74.80386485406052,0.025,TRAPEZOIDAL,0.3,6.0,3.0,3.0,0.0,0.0,
X0182,stub,D0322,S2241078189,5.0,0.025,TRAPEZOIDAL,0.3,6.0,3.0,3.0,1.5199999999999996,0.0,
X0183,stub,D0324,S298387364,6.4616808448176775,0.025,TRAPEZOIDAL,0.3,6.0,3.0,3.0,2.1170021041717053,0.0,
V0073,street,S298387364,S2241078189,69.97262406459959,0.025,TRAPEZOIDAL,0.3,6.0,3.0,3.0,0.0,0.0,
X0184,stub,D0254,S300216385,5.0,0.025,TRAPEZOIDAL,0.3,6.0,3.0,3.0,1.4999999999999982,0.0,
V0074,street,S300216385,S300216386,76.48636804496456,0.025,TRAPEZOIDAL,0.3,6.0,3.0,3.0,0.0,0.0,
X0185,stub,D0016,S293552673,5.0,0.025,TRAPEZOIDAL,0.3,6.0,3.0,3.0,1.4999999999999991,0.0,
V0075,street,S293552673,S10548419782,67.16980492588885,0.025,TRAPEZOIDAL,0.3,6.0,3.0,3.0,0.0,0.0,
V0076,street,S10548419786,S10548419782,10.996727701928783,0.025,TRAPEZOIDAL,0.3,6.0,3.0,3.0,0.0,0.0,
V0077,street,S2068622274,S2068622261,65.6142691180269,0.025,TRAPEZOIDAL,0.3,6.0,3.0,3.0,0.0,0.0,
X0186,stub,D0328,S250364766,5.0,0.025,TRAPEZOIDAL,0.3,6.0,3.0,3.0,1.1700000000000008,0.0,
V0078,street,S250364132,S250364766,48.94359285601259,0.025,TRAPEZOIDAL,0.3,6.0,3.0,3.0,0.0,0.0,
V0079,street,S250364831,S250364132,30.223343799910193,0.025,TRAPEZOIDAL,0.3,6.0,3.0,3.0,0.0,0.0,
X0187,stub,D0135,S2197202949,5.0,0.025,TRAPEZOIDAL,0.3,6.0,3.0,3.0,1.4641732413455522,0.0,
X0188,stub,S248700636,D0186,5.571692113010572,0.025,TRAPEZOIDAL,0.3,6.0,3.0,3.0,0.0,2.3139690778444164,
V0080,street,S2197202951,S2197202949,62.658260311600635,0.025,TRAPEZOIDAL,0.3,6.0,3.0,3.0,0.0,0.0,
V0081,street,S248700636,S2197202951,10.814288425491428,0.025,TRAPEZOIDAL,0.3,6.0,3.0,3.0,0.0,0.0,
X0189,stub,D0034,S293552842,9.731743954175439,0.025,TRAPEZOIDAL,0.3,6.0,3.0,3.0,2.2092117984604975,0.0,
V0082,street,S293552842,S298357517,67.75573257653112,0.025,TRAPEZOIDAL,0.3,6.0,3.0,3.0,0.0,0.0,
X0190,stub,D0269,S250364952,5.0,0.025,TRAPEZOIDAL,0.3,6.0,3.0,3.0,2.947,0.0,
V0083,street,S250364964,S250364952,78.94614657185764,0.025,TRAPEZOIDAL,0.3,6.0,3.0,3.0,0.0,0.0,
X0191,stub,S2197202984,D0172,7.789686701940127,0.025,TRAPEZOIDAL,0.3,6.0,3.0,3.0,0.0,1.0500000000000007,
V0084,street,S2197202984,S2001025757,25.61868352238477,0.025,TRAPEZOIDAL,0.3,6.0,3.0,3.0,0.0,0.0,
V0085,street,S2001025757,S2197202980,36.848951889984185,0.025,TRAPEZOIDAL,0.3,6.0,3.0,3.0,0.0,0.0,
X0192,stub,D0036,S928069023,5.0,0.025,TRAPEZOIDAL,0.3,6.0,3.0,3.0,1.1999999999999984,0.0,
X0193,stub,D0045,S298357549,5.0,0.025,TRAPEZOIDAL,0.3,6.0,3.0,3.0,2.536733576821577,0.0,
V0086,street,S12017095903,S928069023,14.225842123164501,0.025,TRAPEZOIDAL,0.3,6.0,3.0,3.0,0.0,0.0,
V0087,street,S298357544,S12017095903,47.59334876746581,0.025,TRAPEZOIDAL,0.3,6.0,3.0,3.0,0.0,0.0,
V0088,street,S298357549,S298357544,17.25727454071971,0.025,TRAPEZOIDAL,0.3,6.0,3.0,3.0,0.0,0.0,
V0089,street,S298357563,S277434833,74.46503860680289,0.025,TRAPEZOIDAL,0.3,6.0,3.0,3.0,0.0,0.0,
X0194,stub,D0101,S247681990,11.513828514068294,0.025,TRAPEZOIDAL,0.3,6.0,3.0,3.0,1.2799999999999985,0.0,
X0195,stub,D0106,S298357283,5.964500490673777,0.025,TRAPEZOIDAL,0.3,6.0,3.0,3.0,1.7387525182237376,0.0,
V0090,street,S298357283,S247681990,68.20587178211379,0.025,TRAPEZOIDAL,0.3,6.0,3.0,3.0,0.0,0.0,
X0196,stub,S250364826,D0332,11.236563393843282,0.025,TRAPEZOIDAL,0.3,6.0,3.0,3.0,0.0,1.4122125530067837,
V0091,street,S250364826,S250364767,70.32829603297867,0.025,TRAPEZOIDAL,0.3,6.0,3.0,3.0,0.0,0.0,
X0197,stub,S250364917,D0333,5.0,0.025,TRAPEZOIDAL,0.3,6.0,3.0,3.0,0.0,2.2931082381602828,
V0092,street,S250364917,S250364941,87.88008440620727,0.025,TRAPEZOIDAL,0.3,6.0,3.0,3.0,0.0,0.0,
X0198,stub,D0282,S264480918,5.563780255834871,0.025,TRAPEZOIDAL,0.3,6.0,3.0,3.0,1.299999999999998,0.0,
V0093,street,S264480918,S264480924,80.95310707578737,0.025,TRAPEZOIDAL,0.3,6.0,3.0,3.0,0.0,0.0,
X0199,stub,D0196,S308209325,8.231383703652057,0.025,TRAPEZOIDAL,0.3,6.0,3.0,3.0,2.2388511120454018,0.0,
X0200,stub,D0197,S250364229,8.664187322189985,0.025,TRAPEZOIDAL,0.3,6.0,3.0,3.0,5.272873791848258,0.0,
V0094,street,S250364229,S308209325,75.90596446505046,0.025,TRAPEZOIDAL,0.3,6.0,3.0,3.0,0.0,0.0,
X0201,stub,D0080,S293552357,8.054828034034637,0.025,TRAPEZOIDAL,0.3,6.0,3.0,3.0,4.162382665327424,0.0,
V0095,street,S293552357,S293551759,81.29563522265966,0.025,TRAPEZOIDAL,0.3,6.0,3.0,3.0,0.0,0.0,
X0202,stub,D0220,S315263352,10.591339399826188,0.025,TRAPEZOIDAL,0.3,6.0,3.0,3.0,1.1999999999999993,0.0,
X0203,stub,D0260,S9604879143,11.547789267543164,0.025,TRAPEZOIDAL,0.3,6.0,3.0,3.0,1.0999999999999996,0.0,
V0096,street,S315263352,S9604879143,71.65610332626444,0.025,TRAPEZOIDAL,0.3,6.0,3.0,3.0,0.0,0.0,
X0204,stub,S2068622264,D0151,5.0,0.025,TRAPEZOIDAL,0.3,6.0,3.0,3.0,0.0,3.1795783764737573,
V0097,street,S2068622264,S2167071723,88.52392326537625,0.025,TRAPEZOIDAL,0.3,6.0,3.0,3.0,0.0,0.0,
X0205,stub,D0142,S248700566,8.924763021840917,0.025,TRAPEZOIDAL,0.3,6.0,3.0,3.0,1.200000000000001,0.0,
V0098,street,S2197215502,S14070407314,14.25190804382367,0.025,TRAPEZOIDAL,0.3,6.0,3.0,3.0,0.0,0.0,
V0099,street,S248700565,S14070407314,37.92409920627718,0.025,TRAPEZOIDAL,0.3,6.0,3.0,3.0,0.0,0.0,
V0100,street,S248700566,S248700565,25.74159921284585,0.025,TRAPEZOIDAL,0.3,6.0,3.0,3.0,0.0,0.0,
X0206,stub,D0318,S250737522,6.968973631328644,0.025,TRAPEZOIDAL,0.3,6.0,3.0,3.0,1.2199999999999998,0.0,
X0207,stub,D0320,S186741980,6.086876403044793,0.025,TRAPEZOIDAL,0.3,6.0,3.0,3.0,1.08,0.0,
V0101,street,S250737522,S186741980,84.06035235742291,0.025,TRAPEZOIDAL,0.3,6.0,3.0,3.0,0.0,0.0,
X0208,stub,S2239156119,D0050,6.179616435419683,0.025,TRAPEZOIDAL,0.3,6.0,3.0,3.0,0.0,4.310994783014326,
V0102,street,S2249873824,S2168615891,43.27491425894822,0.025,TRAPEZOIDAL,0.3,6.0,3.0,3.0,0.0,0.0,
V0103,street,S2239156119,S2249873824,42.73976866486045,0.025,TRAPEZOIDAL,0.3,6.0,3.0,3.0,0.0,0.0,
X0209,stub,D0027,S298357692,18.580017454306716,0.025,TRAPEZOIDAL,0.3,6.0,3.0,3.0,1.1999999999999993,0.0,
X0210,stub,D0030,S298357601,7.428039563815322,0.025,TRAPEZOIDAL,0.3,6.0,3.0,3.0,1.3999999999999986,0.0,
V0104,street,S298357692,S298357601,72.65992327530213,0.025,TRAPEZOIDAL,0.3,6.0,3.0,3.0,0.0,0.0,
X0211,stub,D0248,S300216436,5.0,0.025,TRAPEZOIDAL,0.3,6.0,3.0,3.0,1.5947132577180234,0.0,
V0105,street,S300216436,S300216416,24.044625950664518,0.025,TRAPEZOIDAL,0.3,6.0,3.0,3.0,0.0,0.0,
V0106,street,S300216416,S300216412,31.05271304458922,0.025,TRAPEZOIDAL,0.3,6.0,3.0,3.0,0.0,0.0,
V0107,street,S300216412,S315263005,35.47176986267694,0.025,TRAPEZOIDAL,0.3,6.0,3.0,3.0,0.0,0.0,
X0212,stub,D0219,S300218440,5.0,0.025,TRAPEZOIDAL,0.3,6.0,3.0,3.0,1.1999999999999993,0.0,
V0108,street,S300218456,S300218440,93.60921945063944,0.025,TRAPEZOIDAL,0.3,6.0,3.0,3.0,0.0,0.0,
X0213,stub,D0194,S250364069,29.131283059860355,0.025,TRAPEZOIDAL,0.3,6.0,3.0,3.0,2.9038003630888936,0.0,
X0214,stub,S250364274,D0201,7.808928823705711,0.025,TRAPEZOIDAL,0.3,6.0,3.0,3.0,0.0,3.8645165553134886,
V0109,street,S250364713,S250364069,25.28458411259751,0.025,TRAPEZOIDAL,0.3,6.0,3.0,3.0,0.0,0.0,
V0110,street,S250364274,S250364713,40.23310343727388,0.025,TRAPEZOIDAL,0.3,6.0,3.0,3.0,0.0,0.0,
X0215,stub,S11038480927,D0048,5.0,0.025,TRAPEZOIDAL,0.3,6.0,3.0,3.0,0.0,1.9955355909973722,
X0216,stub,D0100,S298357583,6.3425905262055675,0.025,TRAPEZOIDAL,0.3,6.0,3.0,3.0,3.8493791253416285,0.0,
V0111,street,S298357583,S11038480927,96.34293461980953,0.025,TRAPEZOIDAL,0.3,6.0,3.0,3.0,0.0,0.0,
X0217,stub,D0175,S2274237335,5.264937301413378,0.025,TRAPEZOIDAL,0.3,6.0,3.0,3.0,1.38,0.0,
V0112,street,S2001005529,S2274237335,85.03838482981658,0.025,TRAPEZOIDAL,0.3,6.0,3.0,3.0,0.0,0.0,
X0218,stub,D0300,S243049432,7.246565716608419,0.025,TRAPEZOIDAL,0.3,6.0,3.0,3.0,1.2299999999999995,0.0,
V0113,street,S243049432,S264480792,90.3685314085194,0.025,TRAPEZOIDAL,0.3,6.0,3.0,3.0,0.0,0.0,
X0219,stub,D0203,S250364276,5.0,0.025,TRAPEZOIDAL,0.3,6.0,3.0,3.0,1.2000000000000002,0.0,
V0114,street,S250364274,S250364276,96.18769016734024,0.025,TRAPEZOIDAL,0.3,6.0,3.0,3.0,0.0,0.0,
X0220,stub,S2167071720,D0146,6.1544413977656625,0.025,TRAPEZOIDAL,0.3,6.0,3.0,3.0,0.0,2.3201719554717,
V0115,street,S250363925,S2167071720,100.69595483624012,0.025,TRAPEZOIDAL,0.3,6.0,3.0,3.0,0.0,0.0,
X0221,stub,D0091,S298357621,6.9153836039564665,0.025,TRAPEZOIDAL,0.3,6.0,3.0,3.0,1.6059999999999999,0.0,
X0222,stub,D0096,S314643681,13.373221096106194,0.025,TRAPEZOIDAL,0.3,6.0,3.0,3.0,0.9999999999999991,0.0,
V0116,street,S12624807099,S298357621,14.849251747468443,0.025,TRAPEZOIDAL,0.3,6.0,3.0,3.0,0.0,0.0,
V0117,street,S12624807099,S277435460,64.59072774083779,0.025,TRAPEZOIDAL,0.3,6.0,3.0,3.0,0.0,0.0,
V0118,street,S314643681,S277435460,13.292223210330038,0.025,TRAPEZOIDAL,0.3,6.0,3.0,3.0,0.0,0.0,
X0223,stub,D0235,S277439132,6.2638159691612225,0.025,TRAPEZOIDAL,0.3,6.0,3.0,3.0,1.42,0.0,
V0119,street,S1954824878,S277439132,67.31224500813353,0.025,TRAPEZOIDAL,0.3,6.0,3.0,3.0,0.0,0.0,
V0120,street,S1954824878,S277439131,38.70250947424422,0.025,TRAPEZOIDAL,0.3,6.0,3.0,3.0,0.0,0.0,
V0121,street,S2168756272,S10594234677,102.46435087377073,0.025,TRAPEZOIDAL,0.3,6.0,3.0,3.0,0.0,0.0,
X0224,stub,S2197415790,D0356,12.376438826594882,0.025,TRAPEZOIDAL,0.3,6.0,3.0,3.0,0.0,1.823022414933737,
V0122,street,S298387364,S2197415794,67.48660768661038,0.025,TRAPEZOIDAL,0.3,6.0,3.0,3.0,0.0,0.0,
V0123,street,S2197415794,S2197415803,8.023530335657119,0.025,TRAPEZOIDAL,0.3,6.0,3.0,3.0,0.0,0.0,
V0124,street,S2197415803,S2239156134,7.4744600387880284,0.025,TRAPEZOIDAL,0.3,6.0,3.0,3.0,0.0,0.0,
V0125,street,S2197415790,S2239156134,20.094585296730774,0.025,TRAPEZOIDAL,0.3,6.0,3.0,3.0,0.0,0.0,
X0225,stub,D0317,S1975496482,10.647633662936038,0.025,TRAPEZOIDAL,0.3,6.0,3.0,3.0,1.120000000000001,0.0,
V0126,street,S247675888,S1975496482,39.26634686172274,0.025,TRAPEZOIDAL,0.3,6.0,3.0,3.0,0.0,0.0,
V0127,street,S247675888,S186741980,67.13873388840761,0.025,TRAPEZOIDAL,0.3,6.0,3.0,3.0,0.0,0.0,
X0226,stub,D0150,S250364032,12.993705282251023,0.025,TRAPEZOIDAL,0.3,6.0,3.0,3.0,3.2083910570065086,0.0,
V0128,street,S250364032,S250363982,105.24977737425986,0.025,TRAPEZOIDAL,0.3,6.0,3.0,3.0,0.0,0.0,
X0227,stub,D0217,S301513724,5.51326201456233,0.025,TRAPEZOIDAL,0.3,6.0,3.0,3.0,1.1999999999999993,0.0,
X0228,stub,D0246,S301436173,7.834277220596892,0.025,TRAPEZOIDAL,0.3,6.0,3.0,3.0,1.1999999999999993,0.0,
V0129,street,S301627100,S301513724,63.10762606227252,0.025,TRAPEZOIDAL,0.3,6.0,3.0,3.0,0.0,0.0,
V0130,street,S301627093,S301627100,30.11706157457677,0.025,TRAPEZOIDAL,0.3,6.0,3.0,3.0,0.0,0.0,
V0131,street,S301627093,S301436173,21.017650341633342,0.025,TRAPEZOIDAL,0.3,6.0,3.0,3.0,0.0,0.0,
X0229,stub,D0156,S10216123926,39.032751423474274,0.025,TRAPEZOIDAL,0.3,6.0,3.0,3.0,1.1999999999999984,0.0,
X0230,stub,D0161,S250364151,5.0,0.025,TRAPEZOIDAL,0.3,6.0,3.0,3.0,0.9000000000000004,0.0,
V0132,street,S6785638129,S10216123926,30.758655726049096,0.025,TRAPEZOIDAL,0.3,6.0,3.0,3.0,0.0,0.0,
V0133,street,S250364151,S6785638129,61.97753632116095,0.025,TRAPEZOIDAL,0.3,6.0,3.0,3.0,0.0,0.0,
X0231,stub,D0192,S12485887995,5.148324861191971,0.025,TRAPEZOIDAL,0.3,6.0,3.0,3.0,1.1500000000000004,0.0,
X0232,stub,S2001025751,D0193,17.685065140122845,0.025,TRAPEZOIDAL,0.3,6.0,3.0,3.0,0.0,1.587528382108566,
V0134,street,S12485887995,S12485887993,5.378021065831179,0.025,TRAPEZOIDAL,0.3,6.0,3.0,3.0,0.0,0.0,
V0135,street,S2001025751,S12485887993,106.84586229194647,0.025,TRAPEZOIDAL,0.3,6.0,3.0,3.0,0.0,0.0,
X0233,stub,D0244,S11597319730,10.752060997866538,0.025,TRAPEZOIDAL,0.3,6.0,3.0,3.0,1.4999999999999982,0.0,
V0136,street,S6305487163,S5328855183,79.67673811553476,0.025,TRAPEZOIDAL,0.3,6.0,3.0,3.0,0.0,0.0,
V0137,street,S6305487163,S11597319730,42.25654469385968,0.025,TRAPEZOIDAL,0.3,6.0,3.0,3.0,0.0,0.0,
X0234,stub,D0078,S298357598,7.319535734988296,0.025,TRAPEZOIDAL,0.3,6.0,3.0,3.0,1.1999999999999984,0.0,
X0235,stub,D0112,S277498134,12.039088027125022,0.025,TRAPEZOIDAL,0.3,6.0,3.0,3.0,1.1943579729419005,0.0,
V0138,street,S2168756238,S298357598,92.31387020204488,0.025,TRAPEZOIDAL,0.3,6.0,3.0,3.0,0.0,0.0,
V0139,street,S277498134,S2168756238,28.630074968943905,0.025,TRAPEZOIDAL,0.3,6.0,3.0,3.0,0.0,0.0,
X0236,stub,D0337,S2482301312,21.186521175917484,0.025,TRAPEZOIDAL,0.3,6.0,3.0,3.0,1.1399999999999997,0.0,
X0237,stub,D0349,S298154859,8.418693917534677,0.025,TRAPEZOIDAL,0.3,6.0,3.0,3.0,2.2177988843437273,0.0,
V0140,street,S2482301312,S2482301333,50.35201249938899,0.025,TRAPEZOIDAL,0.3,6.0,3.0,3.0,0.0,0.0,
V0141,street,S247675875,S2482301333,12.026604832715915,0.025,TRAPEZOIDAL,0.3,6.0,3.0,3.0,0.0,0.0,
V0142,street,S298154859,S247675875,57.7764652826321,0.025,TRAPEZOIDAL,0.3,6.0,3.0,3.0,0.0,0.0,
X0238,stub,D0267,S2197415766,5.0,0.025,TRAPEZOIDAL,0.3,6.0,3.0,3.0,1.9700000000000006,0.0,
V0143,street,S2197415794,S2197415766,101.53866999668412,0.025,TRAPEZOIDAL,0.3,6.0,3.0,3.0,0.0,0.0,
V0144,street,S264480923,S264480918,20.85345552205635,0.025,TRAPEZOIDAL,0.3,6.0,3.0,3.0,0.0,0.0,
V0145,street,S264480923,S2270010411,54.38122926023133,0.025,TRAPEZOIDAL,0.3,6.0,3.0,3.0,0.0,0.0,
V0146,street,S11044402724,S2270010411,69.21339712615266,0.025,TRAPEZOIDAL,0.3,6.0,3.0,3.0,0.0,0.0,
V0147,street,S2001005470,S2001005521,148.63441934410662,0.025,TRAPEZOIDAL,0.3,6.0,3.0,3.0,0.0,0.0,
X0239,stub,D0303,S264480802,8.369481487815596,0.025,TRAPEZOIDAL,0.3,6.0,3.0,3.0,1.0500000000000007,0.0,
X0240,stub,D0315,S186741978,8.587826591493258,0.025,TRAPEZOIDAL,0.3,6.0,3.0,3.0,1.6400000000000006,0.0,
V0148,street,S11767192017,S264480802,38.65202451049824,0.025,TRAPEZOIDAL,0.3,6.0,3.0,3.0,0.0,0.0,
V0149,street,S186741978,S11767192017,115.3830396804048,0.025,TRAPEZOIDAL,0.3,6.0,3.0,3.0,0.0,0.0,
X0241,stub,D0163,S2239156100,5.056687928102407,0.025,TRAPEZOIDAL,0.3,6.0,3.0,3.0,2.049944748548258,0.0,
X0242,stub,D0199,S250364295,5.0,0.025,TRAPEZOIDAL,0.3,6.0,3.0,3.0,2.3702423582745498,0.0,
V0150,street,S2239156100,S250364519,74.09925539413118,0.025,TRAPEZOIDAL,0.3,6.0,3.0,3.0,0.0,0.0,
V0151,street,S250364519,S13942085600,25.857622614447788,0.025,TRAPEZOIDAL,0.3,6.0,3.0,3.0,0.0,0.0,
V0152,street,S2197415682,S13942085600,7.029375901914773,0.025,TRAPEZOIDAL,0.3,6.0,3.0,3.0,0.0,0.0,
V0153,street,S250364295,S2197415682,64.15985392213632,0.025,TRAPEZOIDAL,0.3,6.0,3.0,3.0,0.0,0.0,
X0243,stub,D0249,S301436213,33.248584381860425,0.025,TRAPEZOIDAL,0.3,6.0,3.0,3.0,1.299999999999999,0.0,
V0154,street,S301513727,S301513724,34.36100720579024,0.025,TRAPEZOIDAL,0.3,6.0,3.0,3.0,0.0,0.0,
V0155,street,S301513727,S301513656,35.058100579162165,0.025,TRAPEZOIDAL,0.3,6.0,3.0,3.0,0.0,0.0,
V0156,street,S301436187,S301513656,73.16171635082083,0.025,TRAPEZOIDAL,0.3,6.0,3.0,3.0,0.0,0.0,
V0157,street,S301436205,S301436187,34.51446136909751,0.025,TRAPEZOIDAL,0.3,6.0,3.0,3.0,0.0,0.0,
V0158,street,S301436205,S301436213,29.438329127039214,0.025,TRAPEZOIDAL,0.3,6.0,3.0,3.0,0.0,0.0,
X0244,stub,D0239,S305541370,5.0,0.025,TRAPEZOIDAL,0.3,6.0,3.0,3.0,1.1999999999999993,0.0,
V0159,street,S2168756249,S9189470862,124.93310844481014,0.025,TRAPEZOIDAL,0.3,6.0,3.0,3.0,0.0,0.0,
V0160,street,S9189470862,S2168756242,101.50306457401543,0.025,TRAPEZOIDAL,0.3,6.0,3.0,3.0,0.0,0.0,
V0161,street,S305541370,S2168756242,25.282515088844015,0.025,TRAPEZOIDAL,0.3,6.0,3.0,3.0,0.0,0.0,
X0245,stub,D0259,S12025137900,6.501380408348632,0.025,TRAPEZOIDAL,0.3,6.0,3.0,3.0,0.9999999999999982,0.0,
V0162,street,S314643681,S314643647,17.775339563254395,0.025,TRAPEZOIDAL,0.3,6.0,3.0,3.0,0.0,0.0,
V0163,street,S315257894,S314643647,19.757736010244894,0.025,TRAPEZOIDAL,0.3,6.0,3.0,3.0,0.0,0.0,
V0164,street,S298358273,S315257894,107.38725194098814,0.025,TRAPEZOIDAL,0.3,6.0,3.0,3.0,0.0,0.0,
V0165,street,S298358273,S11845925819,5.0,0.025,TRAPEZOIDAL,0.3,6.0,3.0,3.0,0.0,0.0,
V0166,street,S11845925819,S12025137900,128.39940909522517,0.025,TRAPEZOIDAL,0.3,6.0,3.0,3.0,0.0,0.0,
X0246,stub,D0247,S300216449,9.491641490101205,0.025,TRAPEZOIDAL,0.3,6.0,3.0,3.0,1.1999999999999993,0.0,
V0167,street,S315263352,S11991399004,46.66728411074754,0.025,TRAPEZOIDAL,0.3,6.0,3.0,3.0,0.0,0.0,
V0168,street,S11991399003,S11991399004,23.36060488738854,0.025,TRAPEZOIDAL,0.3,6.0,3.0,3.0,0.0,0.0,
V0169,street,S300216437,S11991399003,198.8230070834372,0.025,TRAPEZOIDAL,0.3,6.0,3.0,3.0,0.0,0.0,
V0170,street,S10017757932,S300216437,28.828783089172955,0.025,TRAPEZOIDAL,0.3,6.0,3.0,3.0,0.0,0.0,
V0171,street,S300216449,S10017757932,25.454984535370006,0.025,TRAPEZOIDAL,0.3,6.0,3.0,3.0,0.0,0.0,
X0247,stub,S250364051,D0263,11.551864765701975,0.025,TRAPEZOIDAL,0.3,6.0,3.0,3.0,0.0,1.5532002602532105,
X0248,stub,S250364126,D0265,10.827969800385482,0.025,TRAPEZOIDAL,0.3,6.0,3.0,3.0,0.0,3.1501662021501016,
V0172,street,S250364051,S250364048,110.62012371525455,0.025,TRAPEZOIDAL,0.3,6.0,3.0,3.0,0.0,0.0,
V0173,street,S250364126,S250364048,211.2800924291857,0.025,TRAPEZOIDAL,0.3,6.0,3.0,3.0,0.0,0.0,
V0174,street,S2168676380,S2168676379,72.08748551329427,0.025,TRAPEZOIDAL,0.3,6.0,3.0,3.0,0.0,0.0,
V0175,street,S298358280,S2168676379,58.80067760669195,0.025,TRAPEZOIDAL,0.3,6.0,3.0,3.0,0.0,0.0,
V0176,street,S298358280,S298358256,56.015125780986565,0.025,TRAPEZOIDAL,0.3,6.0,3.0,3.0,0.0,0.0,
V0177,street,S298358256,S298358268,53.73166571169544,0.025,TRAPEZOIDAL,0.3,6.0,3.0,3.0,0.0,0.0,
V0178,street,S298358310,S298358268,79.54983193262736,0.025,TRAPEZOIDAL,0.3,6.0,3.0,3.0,0.0,0.0,
V0179,street,S298358311,S298358310,57.637173284158415,0.025,TRAPEZOIDAL,0.3,6.0,3.0,3.0,0.0,0.0,
X0249,stub,D0209,S300216371,23.757568731761864,0.025,TRAPEZOIDAL,0.3,6.0,3.0,3.0,1.5103321160117318,0.0,
V0180,street,S300216373,S300216371,135.26980555968964,0.025,TRAPEZOIDAL,0.3,6.0,3.0,3.0,0.0,0.0,
V0181,street,S6496056670,S300216373,66.48438049922342,0.025,TRAPEZOIDAL,0.3,6.0,3.0,3.0,0.0,0.0,
V0182,street,S6496056670,S6496056668,28.627552298383748,0.025,TRAPEZOIDAL,0.3,6.0,3.0,3.0,0.0,0.0,
V0183,street,S6496056668,S6496056671,85.15446899217663,0.025,TRAPEZOIDAL,0.3,6.0,3.0,3.0,0.0,0.0,
V0184,street,S6496056671,S300216374,45.95265596351159,0.025,TRAPEZOIDAL,0.3,6.0,3.0,3.0,0.0,0.0,
V0185,street,S2197415695,S13907501733,88.000889734415,0.025,TRAPEZOIDAL,0.3,6.0,3.0,3.0,0.0,0.0,
V0186,street,S2197415697,S2197415695,83.4892647723471,0.025,TRAPEZOIDAL,0.3,6.0,3.0,3.0,0.0,0.0,
V0187,street,S2197415700,S2197415697,61.57859174711729,0.025,TRAPEZOIDAL,0.3,6.0,3.0,3.0,0.0,0.0,
V0188,street,S2197415764,S2197415700,57.07825419687803,0.025,TRAPEZOIDAL,0.3,6.0,3.0,3.0,0.0,0.0,
V0189,street,S2197415764,S2197415766,100.43300164211541,0.025,TRAPEZOIDAL,0.3,6.0,3.0,3.0,0.0,0.0,
V0190,street,S298357563,S6776936043,10.364666764191814,0.025,TRAPEZOIDAL,0.3,6.0,3.0,3.0,0.0,0.0,
V0191,street,S6776936043,S864565814,622.5832168414046,0.025,TRAPEZOIDAL,0.3,6.0,3.0,3.0,0.0,0.0,
V0192,street,S2197415692,S864565814,28.606691601249402,0.025,TRAPEZOIDAL,0.3,6.0,3.0,3.0,0.0,0.0,
V0193,street,S245579177,S2197415692,9.949574246544215,0.025,TRAPEZOIDAL,0.3,6.0,3.0,3.0,0.0,0.0,
O1,outfall,D0137,OUT1,10.0,0.013,RECT_CLOSED,1.01,1.01,0.0,0.0,0.0,0.0,
O2,outfall,D0311,OUT2,10.0,0.013,RECT_CLOSED,0.9,0.9,0.0,0.0,0.0,0.0,
O3,outfall,D0323,OUT3,10.0,0.013,RECT_CLOSED,1.22,1.22,0.0,0.0,0.0,0.0,
O4,outfall,D0352,OUT4,10.0,0.013,RECT_CLOSED,1.15,1.15,0.0,0.0,0.0,0.0,
O5,outfall,D0357,OUT5,10.0,0.013,RECT_CLOSED,1.24,1.24,0.0,0.0,0.0,0.0,
O6,outfall,D0312,OUT6,10.0,0.013,RECT_CLOSED,0.92,0.92,0.0,0.0,0.0,0.0,
O7,outfall,D0129,OUT7,10.0,0.013,RECT_CLOSED,0.6,0.6,0.0,0.0,0.0,0.0,
O8,outfall,D0118,OUT8,10.0,0.013,RECT_CLOSED,1.07,1.07,0.0,0.0,0.0,0.0,
O9,outfall,D0170,OUT9,10.0,0.013,RECT_CLOSED,0.65,0.65,0.0,0.0,0.0,0.0,
O10,outfall,D0063,OUT10,10.0,0.013,RECT_CLOSED,0.74,0.74,0.0,0.0,0.0,0.0,
O11,outfall,D0022,OUT11,10.0,0.013,RECT_CLOSED,0.9,0.9,0.0,0.0,0.0,0.0,
O12,outfall,D0202,OUT12,10.0,0.013,RECT_CLOSED,0.9,0.9,0.0,0.0,0.0,0.0,
O13,outfall,D0038,OUT13,10.0,0.013,RECT_CLOSED,1.15,1.15,0.0,0.0,0.0,0.0,
O14,outfall,D0152,OUT14,10.0,0.013,RECT_CLOSED,1.03,1.03,0.0,0.0,0.0,0.0,
O15,outfall,D0218,OUT15,10.0,0.013,RECT_CLOSED,0.9,0.9,0.0,0.0,0.0,0.0,
O16,outfall,D0236,OUT16,10.0,0.013,RECT_CLOSED,1.12,1.12,0.0,0.0,0.0,0.0,
O17,outfall,D0232,OUT17,10.0,0.013,RECT_CLOSED,0.9,0.9,0.0,0.0,0.0,0.0,
O18,outfall,D0090,OUT18,10.0,0.013,RECT_CLOSED,0.8,0.8,0.0,0.0,0.0,0.0,
O19,outfall,D0214,OUT19,10.0,0.013,RECT_CLOSED,0.35,0.35,0.0,0.0,0.0,0.0,
O20,outfall,D0243,OUT20,10.0,0.013,RECT_CLOSED,1.2,1.12,0.0,0.0,0.0,0.0,
O21,outfall,D0208,OUT21,10.0,0.013,RECT_CLOSED,0.9,0.9,0.0,0.0,0.0,0.0,
