id,kind,x_utm,y_utm,lon,lat,invert_m,rim_m,max_depth_m,ponded_area_m2,osm_id,catchment_m2
D0001,drain,415795.8327498441,1442290.983002331,80.223385,13.045452599999999,7.623,9.583,1.9600000000000004,3000.0,,22752.381560382524
D0002,drain,416424.59734408354,1442120.4616709568,80.2291885,13.0439281,7.162,9.122,1.9600000000000004,3000.0,,3023.4689914972664
D0003,drain,415845.7712092917,1442278.6645965313,80.2238459,13.045342600000001,7.648,9.521311984370037,1.8733119843700372,3000.0,,19808.430028616585
D0004,drain,415890.0835062729,1442476.1103580971,80.224249,13.047129099999998,7.321,9.264776412719868,1.9437764127198687,3000.0,,11607.352181402297
D0005,drain,416203.02507557534,1442183.91008297,80.2271433,13.044495699999999,7.196,9.296,2.1,3000.0,,16038.702013653434
D0006,drain,416248.6457313219,1442391.659895541,80.2275582,13.0463754,6.23,8.738751708020342,2.508751708020341,3000.0,,6767.522105116211
D0007,drain,416217.1067191613,1442246.8188728078,80.2272714,13.045064899999998,6.82,10.960815687066436,4.140815687066436,3000.0,,8982.687729747759
D0008,drain,416298.96892106195,1442224.2071205098,80.228027,13.0448627,6.797,10.250127164351909,3.4531271643519093,3000.0,,3007.933172413151
D0009,drain,416305.1059743626,1442231.277705709,80.2280834,13.044926799999999,8.638,10.404824929720924,1.766824929720924,3000.0,,6121.366107499662
D0010,drain,416441.95059937285,1442193.2479529127,80.2293465,13.0445867,6.832,8.332,1.5000000000000004,3000.0,,216.30519443366538
D0011,drain,416422.7442346327,1442188.6612109048,80.2291695,13.044544700000001,7.065,10.03283206115842,2.9678320611584192,3000.0,,5614.884431104029
D0012,drain,416439.1919144974,1442181.0464553207,80.2293214,13.044476300000001,6.737,8.387615868132368,1.650615868132368,3000.0,,1933.112857054613
D0013,drain,416232.91396063805,1442317.3757103966,80.2274152,13.045703299999998,7.82,9.452321812732109,1.6323218127321084,3000.0,,10460.517163947432
D0014,drain,416455.69417477446,1442255.7044122263,80.2294715,13.0451518,7.123,8.623,1.4999999999999996,3000.0,,2884.695814634605
D0015,drain,416132.0129932663,1442493.443418114,80.2264797,13.047292499999998,6.996,8.796,1.7999999999999994,3000.0,,11039.926130333664
D0016,drain,416483.247188087,1442402.3715162775,80.2297215,13.046478699999996,6.668,8.468,1.8000000000000003,3000.0,,2235.581479691259
D0017,drain,416160.2427711107,1442580.5740036278,80.2267376,13.0480811,7.124,8.924,1.8000000000000003,3000.0,,2987.6204164813166
D0018,drain,416498.3571895277,1442497.1070198936,80.2298582,13.0473357,6.518,8.318,1.8000000000000003,3000.0,,2915.7110285031554
D0019,drain,416271.5211244065,1442386.9231008764,80.2277693,13.0463332,7.081,8.881,1.8000000000000003,3000.0,,2721.194694501978
D0020,drain,416312.22821762005,1442533.7712668658,80.2281406,13.047662099999998,6.918,8.718,1.8000000000000003,3000.0,,3505.234070170239
D0021,drain,416300.93998540676,1442490.7945316322,80.2280377,13.0472732,6.656,8.869071397206714,2.213071397206714,3000.0,,3018.8864592970617
D0022,drain,416409.0691882139,1442462.938310889,80.2290357,13.047024299999999,6.522,10.410459041245325,3.8884590412453246,3000.0,,11441.194663881259
D0023,drain,416308.11352520576,1442542.7642372136,80.2281024,13.0477433,6.977,8.777,1.7999999999999994,3000.0,,4357.647104179935
D0024,drain,416320.7781403206,1442596.2213597407,80.2282177,13.048226999999997,6.976,8.776,1.8000000000000003,3000.0,,11654.436940831003
D0025,drain,416175.18915168976,1442631.9338446322,80.22687400000001,13.048545899999999,7.548,9.248,1.6999999999999997,3000.0,,2281.684677001645
D0026,drain,416511.5709575734,1442570.8570336902,80.229978,13.048002899999998,6.594,8.294,1.7000000000000006,3000.0,,17872.40993288053
D0027,drain,415598.6927686065,1442764.521409643,80.2215535,13.0497288,8.467,9.967,1.5000000000000004,3000.0,,35542.992793665704
D0028,drain,415621.22169378353,1443039.3299155512,80.2217535,13.052214199999998,7.416,9.016404605122563,1.6004046051225629,3000.0,,16974.805066762634
D0029,drain,415864.19930178404,1442560.6412411067,80.2240079,13.047892699999997,7.371,9.071,1.6999999999999997,3000.0,,16204.046238263942
D0030,drain,415605.5249749038,1442669.4534552633,80.2216192,13.0488694,6.866,8.565999999999999,1.6999999999999997,3000.0,,12759.202607819436
D0031,drain,416219.74026198615,1442880.2316828582,80.22727790000002,13.0507922,7.381,9.181,1.7999999999999994,3000.0,,11030.802260928405
D0032,drain,416361.422456863,1442843.845530238,80.2285856,13.050467099999999,7.075,8.875,1.8000000000000003,3000.0,,2871.038721868714
D0033,drain,416260.94328665035,1442691.4170778503,80.2276632,13.0490861,7.082,8.582,1.5000000000000004,3000.0,,14902.785763103027
D0034,drain,416296.52078573924,1442857.6684565153,80.22798665000008,13.050590300000257,7.052,9.561211798460498,2.5092117984604982,3000.0,,5577.5715275598495
D0035,drain,416077.36863891303,1442665.6322848925,80.2259709,13.0488479,6.916,8.416,1.5000000000000004,3000.0,,14266.05436930227
D0036,drain,415995.92261300335,1442618.0919583798,80.2252211,13.0484158,7.47,8.969999999999999,1.4999999999999996,3000.0,,6189.969469696099
D0037,drain,416157.6891449121,1442575.2067816935,80.2267142,13.0480325,7.092,8.592,1.5000000000000004,3000.0,,3697.524597918423
D0038,drain,415821.5549959815,1442908.3886980002,80.2236048,13.0510358,6.989,9.874165089658021,2.885165089658021,3000.0,,12414.247031639146
D0039,drain,415995.85936426837,1442867.2557469043,80.2252135,13.050668700000001,6.884,9.671370570399738,2.7873705703997373,3000.0,,5731.797551747346
D0040,drain,415998.1007846388,1442876.9040062192,80.2252339,13.050756000000002,7.094,8.979335411229513,1.885335411229513,3000.0,,2572.0788371608387
D0041,drain,415935.79002173874,1442466.4151174657,80.2246708,13.0470427,6.898,8.648,1.7500000000000004,3000.0,,4270.8813790297845
D0042,drain,416003.9679382647,1442397.8027917224,80.2253015,13.046424199999997,7.561,8.881,1.3200000000000007,3000.0,,15594.92530598899
D0043,drain,416003.7426456323,1442448.3240985346,80.225298,13.046880999999997,6.984,8.90600279079213,1.9220027907921295,3000.0,,2885.7628833809117
D0044,drain,415944.6481699901,1442469.750200011,80.2247524,13.047073099999997,8.423,9.823,1.4000000000000008,3000.0,,4329.67887921142
D0045,drain,416070.4349617301,1442600.0142338746,80.2259088,13.048254399999998,7.112,9.948733576821578,2.836733576821578,3000.0,,1642.6067541821885
D0046,drain,415887.0326679626,1442708.9149795205,80.2242143,13.049233999999997,7.094,9.377165930356458,2.283165930356458,3000.0,,4368.17882743704
D0047,drain,415967.86744049663,1442691.2489557008,80.2249603,13.049076500000002,6.614,8.677809989858783,2.0638099898587834,3000.0,,1260.6732677606196
D0048,drain,415789.2603917605,1442758.186376548,80.2233112,13.049676800000002,7.263,9.558535590997373,2.295535590997373,3000.0,,12435.822306495254
D0049,drain,415970.9682410566,1442716.0021154387,80.2249882,13.049300399999998,6.475,8.225,1.7500000000000004,3000.0,,1596.8415622682403
D0050,drain,415895.99271102564,1442731.4161654226,80.2242963,13.0494377,7.241,11.851994783014327,4.610994783014327,3000.0,,648.2347776483476
D0051,drain,415909.0661321018,1442790.667173808,80.2244152,13.049973800000002,7.226,13.242738922984593,6.016738922984593,3000.0,,10763.432835599462
D0052,drain,416329.4360710314,1442683.5000959279,80.2282951,13.049016399999998,7.639,9.439,1.8000000000000003,3000.0,,12106.877893850482
D0053,drain,416362.91638252616,1442850.1892414659,80.22859920000002,13.050524499999998,6.987,8.786999999999999,1.7999999999999994,3000.0,,2398.8009336845685
D0054,drain,416335.32823753194,1442856.0905230439,80.2283446,13.050577099999998,7.042,9.556196917700593,2.514196917700593,3000.0,,4899.308001785481
D0055,drain,416511.5454620581,1442816.1440032609,80.22997090000008,13.050220750000243,5.698,7.898,2.1999999999999997,3000.0,,12793.439239366811
D0056,drain,416512.9572316334,1442748.979868311,80.2299858,13.049613499999998,7.419,8.918999999999999,1.4999999999999996,3000.0,,19843.665967492532
D0057,drain,416404.6897101663,1442766.6502088003,80.22898679999984,13.04977030000002,6.891,9.372,2.4810000000000003,3000.0,,11023.962142425236
D0058,drain,416417.05831124535,1442829.8297190333,80.22909910000001,13.0503419,7.032,8.782,1.7500000000000004,3000.0,,1480.3882509627458
D0059,drain,416327.10520167055,1443047.226743678,80.2282634,13.052305099999998,6.688,10.05078099419157,3.36278099419157,3000.0,,13376.915907887098
D0060,drain,416258.2781810297,1443055.4655360952,80.2276284,13.052377699999997,7.861,9.178349186600876,1.3173491866008762,3000.0,,3254.8773670936066
D0061,drain,416526.33957500814,1442996.2335056183,80.2301023,13.0518495,7.876,10.996769010198232,3.1207690101982317,3000.0,,4460.768433603249
D0062,drain,416471.7565718089,1442824.830503369,80.2296037,13.050298200000002,6.193,9.260291829983448,3.067291829983448,3000.0,,3416.41012923922
D0063,drain,416498.46343186416,1443003.6617397594,80.229845,13.0519159,6.099,9.336292315849128,3.2372923158491282,3000.0,,5708.933750587919
D0064,drain,416444.3280001574,1443018.922591829,80.2293453,13.0520524,11.096,12.645999999999999,1.5499999999999994,3000.0,,3937.523270826189
D0065,drain,416405.2163863965,1442847.1962104356,80.22898940000002,13.050498599999997,10.639,12.188999999999998,1.5499999999999994,3000.0,,5033.755895339931
D0066,drain,416464.83114254044,1443086.5234006299,80.2295325,13.052664199999997,7.791,11.032476108241376,3.2414761082413754,3000.0,,13769.390511732256
D0067,drain,416506.71035065857,1443234.341493865,80.2299146,13.054001899999998,6.429,8.124252331544849,1.6952523315448484,3000.0,,18187.185114581865
D0068,drain,416274.0899614226,1443134.78165536,80.227772,13.053095299999999,13.378,14.728,1.35,3000.0,,13037.694416823473
D0069,drain,416107.0602125573,1443136.0537574876,80.2262315,13.053102200000001,8.697,10.046999999999999,1.35,3000.0,,4059.014696474038
D0070,drain,416110.0444314834,1443076.4219041385,80.2262607,13.0525631,7.302,8.915512393898585,1.613512393898585,3000.0,,2508.2331616373626
D0071,drain,416107.6997693871,1443196.4266186892,80.2262357,13.053648099999998,7.249,8.549,1.3000000000000003,3000.0,,28979.742038891847
D0072,drain,416010.16889343463,1442940.8031886693,80.2253434,13.051334099999996,7.794,9.412996948563958,1.6189969485639581,3000.0,,755.3431767444193
D0073,drain,416020.2072102672,1442989.800118758,80.2254346,13.051777399999999,7.498,10.720336913855228,3.2223369138552274,3000.0,,1720.0025982804705
D0074,drain,416050.7963744077,1443039.99512434,80.2257153,13.0522321,8.684,11.265171393805723,2.5811713938057235,3000.0,,2647.973974306122
D0075,drain,416103.66425679193,1443071.3649704005,80.226202,13.052517199999997,7.459,9.134496186588446,1.6754961865884468,3000.0,,1238.9088223926872
D0076,drain,415995.00230335776,1443041.0723663887,80.22520070000002,13.0522403,9.704,11.954060158275354,2.250060158275353,3000.0,,2431.1516223659537
D0077,drain,415960.9843085122,1443068.1729780382,80.2248862,13.052484399999999,7.459,10.706968340877662,3.2479683408776623,3000.0,,4272.013885117746
D0078,drain,415747.83037228754,1442960.3074005232,80.2229234,13.051503199999999,7.312,8.812,1.4999999999999996,3000.0,,6128.305503298393
D0079,drain,415755.8915731824,1443131.840637974,80.2229929,13.053054399999995,7.308,9.346100846874926,2.0381008468749258,3000.0,,28620.633956454312
D0080,drain,416114.3664401085,1442996.801128914,80.2263028,13.051843300000002,8.991,13.453382665327425,4.462382665327425,3000.0,,3413.173546215996
D0081,drain,416240.8518591729,1442972.958094094,80.22747,13.051631200000001,7.405,10.595662686313851,3.1906626863138507,3000.0,,10118.116608498047
D0082,drain,416286.8386785637,1442161.1154100667,80.2279169,13.044291899999996,7.217,9.52271766181006,2.3057176618100597,3000.0,,3994.363064738415
D0083,drain,416334.2829362729,1442369.7113727434,80.2283486,13.0461793,7.099,10.676631920060895,3.5776319200608953,3000.0,,1888.3563461773363
D0084,drain,415599.748818408,1442553.8421000906,80.2215692,13.047823899999996,8.581,10.380999999999998,1.7999999999999994,3000.0,,37012.66988340204
D0085,drain,416109.64988237515,1442420.7720882485,80.2262755,13.0466348,8.405,10.204999999999998,1.7999999999999994,3000.0,,9301.259476227051
D0086,drain,416110.94356479216,1442428.9854847675,80.2262872,13.046709099999998,9.929,11.429,1.5000000000000004,3000.0,,2641.0905926242317
D0087,drain,416346.64853131695,1442367.6056209495,80.2284627,13.046160600000002,7.785,10.713646423771799,2.9286464237717986,3000.0,,6767.83641391647
D0088,drain,416332.3505228089,1442361.8095827207,80.228331,13.0461078,6.981,10.646313316079244,3.665313316079244,3000.0,,4111.854856788782
D0089,drain,416469.2247297862,1442326.588991155,80.2295943,13.0457931,6.976,8.776,1.8000000000000003,3000.0,,1813.0991352189924
D0090,drain,415313.89424742246,1442448.5362780422,80.2189359,13.0468638,8.605,10.005,1.4000000000000008,3000.0,,60171.31528296222
D0091,drain,415456.39466234087,1442967.3065587531,80.22023540000002,13.051558399999998,8.029,9.935,1.906000000000001,3000.0,,13023.582841207966
D0092,drain,415620.4429024907,1443011.6720095628,80.2217471,13.051964099999998,8.029,9.699,1.6700000000000004,3000.0,,12623.103387535233
D0093,drain,415487.6889200575,1443056.0639990338,80.22052150000002,13.052361799999998,7.875,9.174999999999999,1.2999999999999994,3000.0,,12011.347613301412
D0094,drain,416581.99383559066,1443235.0420496222,80.2306089,13.054010299999996,7.759,9.059,1.2999999999999994,3000.0,,1375.7436168765214
D0095,drain,416537.2182650361,1443254.5765694126,80.2301954,13.0541857,9.105,10.405,1.2999999999999994,3000.0,,10199.712886992136
D0096,drain,415422.96498049016,1443055.134859566,80.2199246,13.0523516,7.653,8.953,1.3000000000000003,3000.0,,4694.109823138431
D0097,drain,416586.3411915579,1443227.6963005092,80.2306492,13.053944,7.773,9.322999999999999,1.5499999999999994,3000.0,,7464.3846846185
D0098,drain,416557.3994266228,1443019.618946437,80.2303881,13.052061799999999,7.565,9.244715597937784,1.6797155979377836,3000.0,,9128.680066239836
D0099,drain,415858.23512015527,1442642.0255827615,80.2239506,13.048628399999998,7.511,9.880869713355242,2.369869713355242,3000.0,,8072.094089077265
D0100,drain,415771.1165835768,1442657.8752522066,80.2231467,13.0487693,7.457,11.606379125341629,4.149379125341629,3000.0,,14120.86612129959
D0101,drain,415867.2911010673,1443149.6596494694,80.2240198,13.0532186,7.402,8.982,1.5799999999999996,3000.0,,4383.933967927453
D0102,drain,416050.92060674593,1442227.8381531516,80.2257393,13.044888699999998,7.02,9.118405184304116,2.0984051843041165,3000.0,,32804.701785077115
D0103,drain,416177.767184904,1442638.1968274142,80.2268976,13.048602599999999,6.305,9.347999999999999,3.0429999999999997,3000.0,,4479.227199880013
D0104,drain,416290.80998635106,1443220.410095109,80.2279238,13.053869999999998,7.343,10.720703358675834,3.3777033586758343,3000.0,,34815.64122603918
D0105,drain,416423.4009660964,1442112.126314412,80.2291777,13.043852699999999,6.976,8.776,1.8000000000000003,3000.0,,3695.4638737067557
D0106,drain,415854.83144965046,1443089.0021925573,80.2239066,13.052669799999999,8.168,10.206752518223738,2.0387525182237383,3000.0,,6298.598850117154
D0107,drain,415967.35421379184,1443076.957025908,80.22494470000001,13.052563999999999,8.031,10.199490884228823,2.168490884228822,3000.0,,6810.796720608245
D0108,drain,416113.26099364576,1443064.522934824,80.2262907,13.0524556,9.199,10.599,1.4000000000000008,3000.0,,3417.656406953885
D0109,drain,416237.61870118184,1443050.6400660188,80.227438,13.052333499999996,8.023,9.991868936695617,1.9688689366956176,3000.0,,6588.720638760025
D0110,drain,416080.06411559245,1442927.2076438735,80.2259884,13.0512131,8.433,12.733089324878762,4.300089324878762,3000.0,,10192.129832179913
D0111,drain,416222.3892225777,1442895.552329623,80.2273019,13.0509308,6.86,8.16,1.3000000000000003,3000.0,,3896.0373105058316
D0112,drain,415849.2658699555,1442978.0905427625,80.2238584,13.051666799999998,7.767,9.261357972941902,1.4943579729419012,3000.0,,6325.3283911826675
D0113,drain,415977.6851896927,1442955.5343566935,80.2250434,13.051466399999999,7.21,8.55,1.3400000000000003,3000.0,,6805.148591620437
D0114,drain,416532.9469795771,1441159.7008254374,80.2302146,13.035243999999997,6.66,8.359,1.6990000000000003,3000.0,,2412.8966893024485
D0115,drain,416751.3268633297,1441913.16460151,80.2322075,13.042062699999997,5.392,7.189821169797832,1.7978211697978317,3000.0,,13278.646057075463
D0116,drain,416551.81446918496,1441156.0050263945,80.2303887,13.0352111,6.111,7.611000000000001,1.5000000000000004,3000.0,,7234.513004518901
D0117,drain,416775.05443164735,1441913.9776267884,80.2324263,13.042070699999996,5.913,7.292893832662352,1.3798938326623515,3000.0,,8729.638571834274
D0118,drain,416577.8355834537,1441244.3481556096,80.2306262,13.036010600000001,5.817,8.228092727634163,2.4110927276341627,3000.0,,18521.178591910597
D0119,drain,416892.327297305,1441149.6668049383,80.2335291,13.0351631,5.728,8.461221713239855,2.733221713239855,3000.0,,7268.808678710429
D0120,drain,416604.79675080127,1441335.2211196409,80.2308723,13.036833000000001,6.24,9.741907138036169,3.5019071380361684,3000.0,,13514.467919918687
D0121,drain,416916.0050197324,1441252.3616247696,80.2337446,13.036092299999996,6.191,8.586929467386874,2.395929467386874,3000.0,,8079.830719821828
D0122,drain,417317.8843540596,1441081.309287649,80.2374555,13.0345566,5.514,8.053005537922061,2.539005537922061,3000.0,,9129.728331415256
D0123,drain,416551.65618288424,1441114.4986134025,80.2303884,13.034835799999998,6.111,7.611000000000001,1.5000000000000004,3000.0,,25167.35908094386
D0124,drain,417328.7782457225,1441043.872892864,80.237557,13.034218399999997,5.514,7.014000000000001,1.5000000000000004,3000.0,,28003.371778517412
D0125,drain,416912.784279751,1441180.4062057403,80.2337169,13.035441599999997,6.502,7.939183647080063,1.4371836470800634,3000.0,,16192.872137563667
D0126,drain,417260.6934535119,1441167.3591297003,80.2369257,13.0353331,6.329,9.809886372672455,3.4808863726724555,3000.0,,21067.25316844248
D0127,drain,416740.8834570466,1441772.9044259717,80.2321151,13.040794199999999,6.02,7.615736776004996,1.5957367760049967,3000.0,,9486.941642847505
D0128,drain,416744.75565866334,1441794.7908371275,80.2321502,13.040992199999996,5.906,8.681531579810073,2.7755315798100737,3000.0,,10428.71434399935
D0129,drain,416935.8512562084,1441752.8504862234,80.2339137,13.040618199999999,5.802,7.417711027261897,1.6157110272618977,3000.0,,23342.789448947744
D0130,drain,417333.49741448864,1441084.348062891,80.2375994,13.0345845,6.064,7.263999999999999,1.1999999999999997,3000.0,,5995.274339226745
D0131,drain,416948.3921901506,1441808.7634326934,80.2340278,13.0411241,5.785,7.546000000000001,1.7610000000000006,3000.0,,7559.0900899766175
D0132,drain,416874.7578820606,1441094.8418465229,80.2333686,13.034666899999998,6.307,8.215889079649997,1.908889079649997,3000.0,,23508.920643014466
D0133,drain,416992.41283796116,1441599.094520111,80.2344396,13.0392295,5.711,7.211,1.5000000000000004,3000.0,,3672.314841529525
D0134,drain,416925.9060053069,1441295.7740586416,80.2338347,13.036485099999998,6.284,9.0250166978944,2.741016697894401,3000.0,,28782.87310915859
D0135,drain,417197.57307599316,1441268.3574611184,80.2363408,13.036244599999998,6.071,7.835173241345552,1.764173241345552,3000.0,,14858.40167118532
D0136,drain,417254.9718959705,1441208.3412270711,80.2368718,13.035703499999999,5.959,8.721329495458981,2.7623294954589817,3000.0,,11055.819284782887
D0137,drain,417523.7683784361,1441243.135926496,80.2393497,13.036025399999998,4.822,8.574258145201611,3.752258145201611,3000.0,,46959.46366607258
D0138,drain,416222.5879759897,1441172.4659054684,80.2273521,13.035350899999996,5.392,8.256,2.8639999999999994,3000.0,,38022.88742364706
D0139,drain,416288.7795771866,1441415.809514854,80.2279557,13.037552999999999,6.859,8.179,1.3199999999999998,3000.0,,8368.94852936568
D0140,drain,416262.0011516442,1441339.0041360054,80.2277109,13.0368578,6.521,8.021,1.5000000000000004,3000.0,,24836.397860275865
D0141,drain,416486.50372990774,1441270.5045612466,80.2297832,13.036244599999998,5.321,7.47039084421676,2.14939084421676,3000.0,,20639.76048193346
D0142,drain,416458.4071537192,1441159.3738377937,80.2295272,13.035238999999997,5.483,6.9830000000000005,1.5000000000000004,3000.0,,18874.577555595984
D0143,drain,416583.29236711276,1441320.3446520711,80.2306744,13.0366979,6.835,8.637046179381262,1.8020461793812617,3000.0,,2508.2132833080577
D0144,drain,416337.8997734705,1441401.2605532266,80.2284091,13.0374228,6.166,12.181543527230367,6.015543527230367,3000.0,,9339.761751615779
D0145,drain,416405.19422677066,1441651.1815365464,80.2290227,13.0396844,5.803,8.498181021250026,2.6951810212500265,3000.0,,10898.482162942486
D0146,drain,416366.58005636616,1441497.4035690029,80.2286709,13.038292899999998,6.509,9.129171955471701,2.620171955471701,3000.0,,13534.700228254325
D0147,drain,416611.65434626595,1441419.0657357492,80.2309332,13.0375913,6.356,7.756,1.4,3000.0,,26552.60955236667
D0148,drain,416392.6485716091,1441601.2410065408,80.2289084,13.039232499999999,6.409,8.624313295318732,2.2153132953187322,3000.0,,12161.581573081357
D0149,drain,416646.48506132833,1441541.3353912223,80.231251,13.0386978,6.166,8.650639992826818,2.4846399928268177,3000.0,,31253.350282798565
D0150,drain,416428.4463879129,1441709.6276305672,80.2292355,13.040213499999998,6.57,10.07839105700651,3.5083910570065093,3000.0,,17727.760617513057
D0151,drain,416679.69379165873,1441665.1915224069,80.2315538,13.039818600000002,5.431,8.910578376473758,3.479578376473758,3000.0,,12357.997493356752
D0152,drain,416387.4493489725,1441813.7461454684,80.2288545,13.0411538,7.401,9.030999999999999,1.6299999999999994,3000.0,,12895.61561568484
D0153,drain,416700.9368580582,1441744.325452451,80.2317475,13.040534699999998,6.455,8.085,1.6300000000000003,3000.0,,4478.344579728979
D0154,drain,416703.3937198051,1441757.147222257,80.23176980000001,13.0406507,7.328,8.868,1.5400000000000005,3000.0,,11636.799909338424
D0155,drain,416401.5687704054,1441828.4900385048,80.2289843,13.041287500000003,6.66,8.645999999999999,1.9859999999999993,3000.0,,26386.348703215866
D0156,drain,416534.29925834516,1442385.4059249745,80.2301928,13.0463267,7.142,8.642,1.4999999999999996,3000.0,,10548.086596957084
D0157,drain,416406.25434856117,1442039.5716677501,80.2290216,13.0431962,7.519,8.619,1.1,3000.0,,15002.225823087354
D0158,drain,416495.5453461006,1442481.665195726,80.2298327,13.047196000000001,6.84,7.9399999999999995,1.1,3000.0,,5365.568076005065
D0159,drain,416450.6921070607,1442022.4159179837,80.2294319,13.043042300000002,8.3,9.8,1.5000000000000004,3000.0,,32058.037318060866
D0160,drain,416752.2175295829,1441978.2037592903,80.2322139,13.0426508,6.769,9.449883619150427,2.6808836191504266,3000.0,,16615.795709969527
D0161,drain,416511.250986467,1442254.5404438428,80.2299839,13.045142800000002,6.983,8.183,1.1999999999999997,3000.0,,6776.1083078909805
D0162,drain,416714.04062024516,1442210.0633721324,80.23185534999999,13.044746200000038,6.513,8.3869136860068,1.8739136860067998,3000.0,,21379.939431093077
D0163,drain,416729.0705695697,1442298.2961095406,80.2319915,13.0455444,6.496,8.84594474854826,2.3499447485482587,3000.0,,6070.310050347931
D0164,drain,417995.2632753938,1441668.0433301718,80.2436862,13.039880100000001,5.618,10.297422163917968,4.679422163917968,3000.0,,22238.140842880402
D0165,drain,417996.71614401747,1441686.1989099262,80.2436991,13.040044299999998,6.639,8.245903943224754,1.6069039432247534,3000.0,,20784.39879499104
D0166,drain,416958.18021517276,1441821.9833691965,80.2341177,13.0412439,5.432,7.65,2.2179999999999995,3000.0,,10263.950672137858
D0167,drain,417598.1036261616,1442215.0001705256,80.2400084,13.044814899999997,5.52,6.92,1.4,3000.0,,15725.219124301875
D0168,drain,417407.86188027513,1441760.1011517216,80.2382665,13.040696599999999,6.247,10.335999895059949,4.088999895059949,3000.0,,16496.1565034941
D0169,drain,417430.1953326016,1441914.282978126,80.2384682,13.0420913,6.123,7.86151689955916,1.7385168995591602,3000.0,,38894.76586106796
D0170,drain,417664.13396970613,1441880.0383797751,80.2406266,13.041788000000002,6.021,10.16202888262594,4.14102888262594,3000.0,,52489.754514132255
D0171,drain,417636.66258824937,1442211.622153833,80.2403641,13.044785399999999,5.835,7.1850000000000005,1.35,3000.0,,29656.3485369358
D0172,drain,417643.8245297044,1441731.4355043794,80.2404434,13.0404438,5.585,6.9350000000000005,1.35,3000.0,,2658.368465104772
D0173,drain,417409.8523057016,1441747.6752032922,80.2382852,13.040584299999999,5.689,9.303646453990574,3.6146464539905736,3000.0,,3451.6634722473323
D0174,drain,417476.9256616011,1441598.1800010072,80.2389079,13.0392344,5.421,7.972532419538383,2.5515324195383826,3000.0,,42997.27630293828
D0175,drain,417404.7254333688,1441704.9782499787,80.2382391,13.040198099999998,6.327,8.007,1.6800000000000002,3000.0,,4967.225700109086
D0176,drain,417551.76546754554,1441728.1056035953,80.2395945,13.0404112,4.942,8.900332362825985,3.9583323628259848,3000.0,,6692.612281041335
D0177,drain,417014.46482121915,1441597.9331415326,80.234643,13.0392196,6.261,7.811,1.5500000000000003,3000.0,,4643.382014662644
D0178,drain,417171.54688901966,1441779.6567614232,80.2360866,13.040866999999999,6.022,8.341387833437423,2.319387833437423,3000.0,,33763.46164341255
D0179,drain,417148.8038225976,1441680.8408909196,80.23587960000002,13.039972899999999,5.93,7.57,1.6400000000000001,3000.0,,18222.21704630367
D0180,drain,417361.2985487314,1441640.199529275,80.2378404,13.039611200000001,5.491,8.200763253116556,2.709763253116556,3000.0,,11559.12849845573
D0181,drain,417113.75782155246,1441630.3374295703,80.2355578,13.0395153,6.81,9.719551959101572,2.909551959101573,3000.0,,17816.94718352809
D0182,drain,417362.1683132042,1441557.8689497486,80.2378507,13.038866799999997,5.623,7.290534496539716,1.6675344965397159,3000.0,,16013.610849477076
D0183,drain,417369.6657189112,1441606.376153146,80.2379185,13.039305600000002,6.237,8.078450009665392,1.841450009665392,3000.0,,3319.2437903448554
D0184,drain,417279.558201398,1441455.140678596,80.2370917,13.037935699999998,5.505,10.429615743236209,4.924615743236209,3000.0,,32759.367381755354
D0185,drain,417116.8008814936,1441434.506167607,80.2355913,13.0377447,6.732,9.074122332647953,2.3421223326479526,3000.0,,29095.794805415742
D0186,drain,417175.98612825305,1441337.6999791963,80.2361398,13.036870999999998,6.181,8.794969077844417,2.613969077844417,3000.0,,7232.935942002069
D0187,drain,417519.5825478618,1441195.9901807865,80.2393124,13.035599,5.424,10.1897681503923,4.7657681503923,3000.0,,21905.93201472713
D0188,drain,417582.05330882,1441718.0391230981,80.2398741,13.040321,4.745,9.00101189880716,4.25601189880716,3000.0,,7371.960215131605
D0189,drain,416978.7617446219,1441897.7905075434,80.2343054,13.041929899999996,6.397,10.460999999999999,4.063999999999998,3000.0,,29444.655389141266
D0190,drain,417601.4573870753,1442252.2942963492,80.2400383,13.045152200000002,5.336,7.093,1.7570000000000001,3000.0,,14968.138359021563
D0191,drain,416782.99282635597,1442118.7784982622,80.2324938,13.0439227,6.118,7.568,1.4499999999999997,3000.0,,33105.41291442354
D0192,drain,417139.9465236065,1441987.6290116156,80.2357894,13.042746599999997,6.005,7.455,1.4499999999999997,3000.0,,5787.2579981093995
D0193,drain,417095.07667968946,1442063.0692813767,80.2353735,13.043427499999996,6.226,8.113528382108566,1.8875283821085658,3000.0,,12590.532784203644
D0194,drain,417166.45393758884,1442429.3159128726,80.2360216,13.046740999999999,5.819,9.022800363088894,3.2038003630888943,3000.0,,18273.207076030598
D0195,drain,417306.71526754845,1442081.3446208583,80.2373248,13.0435985,7.052,9.857078063853216,2.805078063853216,3000.0,,28589.63715148025
D0196,drain,417407.032696066,1442137.8568000416,80.2382484,13.044112199999997,5.74,8.278851112045402,2.5388511120454016,3000.0,,4723.408189666523
D0197,drain,417351.8318823843,1442167.3526876555,80.2377385,13.0443774,6.028,11.600873791848258,5.5728737918482585,3000.0,,5684.284603689636
D0198,drain,417410.6880106813,1442398.3889534543,80.2382749,13.046467999999999,5.873,8.547594901609546,2.674594901609546,3000.0,,41939.96723275664
D0199,drain,416875.106916887,1442295.0454565897,80.2333384,13.045519,5.835,8.50524235827455,2.6702423582745505,3000.0,,17281.986496828547
D0200,drain,417062.76486002957,1442264.8946911937,80.2350699,13.0452515,5.537,9.928377889345892,4.391377889345892,3000.0,,35053.21091420112
D0201,drain,417105.1899344369,1442475.8956501568,80.2354553,13.047160499999999,5.537,9.70151655531349,4.164516555313489,3000.0,,13276.196673861567
D0202,drain,416906.61163720174,1442400.9792528753,80.23362600000002,13.046477699999999,6.603,8.103,1.5000000000000004,3000.0,,18883.554395351817
D0203,drain,417083.6041263464,1442372.4423240945,80.23525910000001,13.0462245,6.055,7.555,1.5000000000000004,3000.0,,9700.743251357382
D0204,drain,416863.320016092,1442510.2467346685,80.2332237,13.047464499999998,6.543,7.843,1.3000000000000003,3000.0,,8981.219063321045
D0205,drain,417538.92112680385,1442384.8765870165,80.2394579,13.0463493,5.832,7.516016776896785,1.6840167768967849,3000.0,,27175.6840075105
D0206,drain,416775.6133861613,1441941.049979035,80.2324307,13.042315499999999,6.881,8.687,1.8059999999999996,3000.0,,7456.404845921253
D0207,drain,416846.99229912815,1442478.5880264423,80.233074,13.047177799999993,6.373,7.793000000000001,1.4200000000000004,3000.0,,7362.282739612956
D0208,drain,414149.53346017865,1442381.1519986507,80.2081996,13.046221899999999,9.439,11.92194247649978,2.4829424764997796,3000.0,,60795.675123282716
D0209,drain,414540.26733441034,1442468.6015114766,80.2118006,13.0470236,8.837,10.647332116011732,1.8103321160117325,3000.0,,8479.3539863483
D0210,drain,414819.8611127075,1442487.3876795904,80.2143786,13.047201300000001,9.517,11.017,1.5000000000000004,3000.0,,37054.10894859898
D0211,drain,414606.96531389013,1442472.7187916308,80.2124156,13.047062699999998,8.704,11.206999999999999,2.502999999999999,3000.0,,31545.481748360507
D0212,drain,414539.11126402655,1443747.1088809178,80.2117533,13.0585836,7.511,9.201,1.6900000000000008,3000.0,,4378.418413338073
D0213,drain,414262.0118985887,1443223.8178540133,80.2092127,13.0538443,8.965,9.915,0.9499999999999996,3000.0,,15975.493703693432
D0214,drain,414007.6651572701,1443287.674587943,80.2068651,13.054414500000002,8.885,9.834999999999999,0.9499999999999996,3000.0,,40600.691766106815
D0215,drain,414057.5529847259,1442676.9108219228,80.2073428,13.048893499999998,10.064,11.264,1.1999999999999997,3000.0,,19282.9271286562
D0216,drain,414538.6277901358,1442768.0926929505,80.2117769,13.049731500000002,9.567,10.767,1.1999999999999997,3000.0,,3512.48153639398
D0217,drain,414285.6764169217,1443681.2298281188,80.2094178,13.057980799999998,8.033,9.533,1.5000000000000004,3000.0,,2424.6064075788827
D0218,drain,414369.27002236526,1443676.7113361652,80.2101889,13.057942300000002,7.67,9.17,1.5000000000000004,3000.0,,19092.702526887544
D0219,drain,414563.2076628686,1443301.780558351,80.2119883,13.054557699999998,8.707,10.207,1.5000000000000004,3000.0,,7906.401419597226
D0220,drain,414531.5850341645,1443547.8360221013,80.2116896,13.056781599999999,8.405,9.905,1.5000000000000004,3000.0,,4514.111084104005
D0221,drain,414574.7697012237,1443491.418883156,80.2120895,13.056272700000001,9.021,10.421000000000001,1.4000000000000008,3000.0,,11995.709329778187
D0222,drain,414784.1290617986,1443487.06423656,80.2140205,13.0562392,8.822,10.222,1.4000000000000008,3000.0,,8423.651378514092
D0223,drain,414573.11514310644,1443436.9880659508,80.2120758,13.0557805,8.522,9.922,1.4000000000000008,3000.0,,5590.495787498804
D0224,drain,414784.78652331745,1443443.8076418117,80.2140278,13.055848099999997,8.329,10.411,2.0819999999999994,3000.0,,4552.06862874062
D0225,drain,414773.3960055391,1443172.5923231542,80.2139305,13.053395500000002,8.964,10.714,1.7500000000000004,3000.0,,2313.1308919225917
D0226,drain,414941.79290806135,1442898.0666630855,80.2154914,13.050918000000001,8.941,10.691,1.7500000000000004,3000.0,,39636.191553349185
D0227,drain,414569.99630665715,1443389.374588784,80.2120484,13.0553499,8.66,10.38,1.720000000000001,3000.0,,8393.13422375249
D0228,drain,414780.02224629116,1443393.4343328432,80.2139853,13.055392499999998,8.522,10.241999999999999,1.7199999999999993,3000.0,,19984.729645879466
D0229,drain,414618.6407811879,1443690.8995612427,80.21248840000001,13.0580776,8.633,10.133,1.5000000000000004,3000.0,,2434.861267453315
D0230,drain,414720.569092846,1443654.8713566815,80.2134295,13.057754699999997,8.547,10.047,1.5000000000000004,3000.0,,37757.87356827066
D0231,drain,414540.4089239483,1443756.4613753662,80.211765,13.058668199999998,8.021,9.521,1.5000000000000004,3000.0,,5593.400771958914
D0232,drain,415246.37975059485,1443766.319853184,80.2182758,13.058777099999999,7.85,9.35,1.5000000000000004,3000.0,,34812.614458823504
D0233,drain,415127.5514747038,1443290.7318313047,80.2171934,13.0544736,9.011,10.411,1.4000000000000008,3000.0,,8522.822863476196
D0234,drain,415140.9680228074,1443158.5048046333,80.2173209,13.0532784,8.61,10.01,1.4000000000000008,3000.0,,19627.348310240734
D0235,drain,415007.21575206,1443738.9112588726,80.2160708,13.058522599999998,8.625,10.345,1.720000000000001,3000.0,,16479.106839699634
D0236,drain,415036.0713882847,1443269.8349690277,80.2163503,13.054282099999996,7.845,9.85356921193237,2.008569211932371,3000.0,,23162.286843264344
D0237,drain,415002.3475000054,1443633.7263066962,80.2160289,13.057571399999999,8.458,9.858,1.4000000000000008,3000.0,,3621.036053769248
D0238,drain,415138.57269529405,1443636.6344675524,80.2172852,13.057601499999999,8.024,9.67171137233364,1.6477113723336405,3000.0,,26956.085506908337
D0239,drain,415021.51917043363,1443434.3599594026,80.2162114,13.0557693,9.208,10.708,1.5000000000000004,3000.0,,7736.817991600716
D0240,drain,415176.78053141246,1443460.3685747366,80.2176426,13.0560088,8.04,9.54,1.5000000000000004,3000.0,,3293.159336936501
D0241,drain,414586.0649333942,1442785.2317086486,80.2122139,13.0498878,8.966,10.765999999999998,1.7999999999999994,3000.0,,7004.046370050926
D0242,drain,414844.11439353565,1442847.3283015087,80.214592,13.050456499999997,8.94,10.739999999999998,1.7999999999999994,3000.0,,30373.751124753264
D0243,drain,414594.2087211837,1443008.9666449656,80.2122826,13.051910999999995,8.966,10.765999999999998,1.7999999999999994,3000.0,,58389.151425299
D0244,drain,414713.92097510234,1442801.2476522902,80.21339260000002,13.0500362,8.432,10.232,1.7999999999999994,3000.0,,14102.744023895244
D0245,drain,414208.5267309255,1443579.1126354567,80.2087092,13.0570553,7.892,9.392,1.4999999999999996,3000.0,,21027.060107378424
D0246,drain,414269.3508344941,1443574.5432585888,80.2092703,13.057015699999997,7.65,9.15,1.5000000000000004,3000.0,,2042.564177495052
D0247,drain,414447.9463451446,1443304.4946152242,80.2109252,13.054578999999999,9.105,10.605,1.5000000000000004,3000.0,,4582.912055851898
D0248,drain,414269.1251894677,1443321.3314306089,80.2092755,13.0547262,8.204,10.098713257718025,1.8947132577180241,3000.0,,6040.32639925268
D0249,drain,414273.70044975943,1443919.3168662807,80.2093005,13.060133199999997,11.369,12.969,1.6,3000.0,,19106.13139255844
D0250,drain,414284.41958377045,1443239.7846118025,80.2094189,13.0539893,8.568,10.168,1.6,3000.0,,3788.5921338373873
D0251,drain,414077.899691462,1442702.8597542495,80.2075297,13.0491287,9.511,10.810999999999998,1.2999999999999994,3000.0,,44906.528481838934
D0252,drain,414548.49664004194,1442803.5526738577,80.2118669,13.050052399999998,9.495,10.825,1.3300000000000005,3000.0,,12870.389256234725
D0253,drain,414496.2059173159,1443781.6159257924,80.2113566,13.058894399999998,7.807,9.137,1.3300000000000005,3000.0,,15614.077853010933
D0254,drain,414846.41737364634,1443170.9283734716,80.214604,13.053382499999996,9.16,10.959999999999999,1.7999999999999994,3000.0,,8491.90007611723
D0255,drain,414749.9968590642,1443238.9567868293,80.2137128,13.053994899999998,8.613,10.412999999999998,1.7999999999999994,3000.0,,16845.937848740592
D0256,drain,415010.12229606695,1443560.2657737187,80.2161027,13.056907399999998,9.225,10.834999999999999,1.6099999999999999,3000.0,,6850.7862789846295
D0257,drain,415176.6971094027,1443429.810858156,80.2176427,13.055732499999996,8.027,10.293055085304413,2.266055085304414,3000.0,,7894.114289594192
D0258,drain,415138.32723429555,1443233.873798115,80.2172944,13.053959799999998,9.155,10.454999999999998,1.2999999999999994,3000.0,,1852.9469160489443
D0259,drain,415222.31579163997,1443093.2339246657,80.21807300000002,13.0526905,8.161,9.460999999999999,1.2999999999999994,3000.0,,11255.366130862525
D0260,drain,414532.8362635996,1443622.4742176814,80.211699,13.0574565,8.438,9.838000000000001,1.4000000000000008,3000.0,,7802.8590935111915
D0261,drain,414624.6744775793,1443723.9936365185,80.2125431,13.058376999999998,7.871,9.271,1.4000000000000008,3000.0,,1950.8120003951924
D0262,drain,414749.8606155467,1443208.9964358313,80.2137124,13.053723999999997,8.522,10.022,1.5000000000000004,3000.0,,4882.445628681475
D0263,drain,416707.1053303692,1443140.8989639606,80.23176540000001,13.0531625,7.018,8.871200260253211,1.8532002602532112,3000.0,,13197.000843569715
D0264,drain,416841.42376848764,1443168.8605512197,80.2330034,13.053418999999998,6.357,9.250325231993767,2.8933252319937663,3000.0,,24918.22431852177
D0265,drain,416880.24511036533,1442987.2541059798,80.2333665,13.051777999999997,5.539,8.989166202150102,3.4501662021501023,3000.0,,5729.9772052104045
D0266,drain,416973.55587031913,1443119.201607192,80.2342234,13.052973600000001,5.228,6.548,1.3199999999999998,3000.0,,9648.737428687973
D0267,drain,416935.66527176416,1442894.661095508,80.2338802,13.050942299999999,5.857,8.127,2.27,3000.0,,5749.958740056887
D0268,drain,418200.42853778036,1442648.8420695837,80.2455514,13.048753899999996,5.172,8.629,3.4570000000000003,3000.0,,29332.906450160044
D0269,drain,417927.10356112215,1442988.33533829,80.2430213,13.0518162,5.172,8.419,3.2470000000000003,3000.0,,4594.601993117532
D0270,drain,417905.8775867721,1442913.4806877137,80.2428276,13.0511388,5.993,10.899251739256343,4.9062517392563425,3000.0,,7476.052536233375
D0271,drain,418014.6472655709,1442893.3042408375,80.2438313,13.050959299999999,5.824,10.782688439024334,4.958688439024334,3000.0,,8460.960832848767
D0272,drain,417890.57045712904,1442845.4653590526,80.2426883,13.050523399999998,6.507,8.206999999999999,1.6999999999999997,3000.0,,9625.478155723762
D0273,drain,418043.0133932802,1442813.6345800615,80.24409510000001,13.0502397,5.334,8.764505243847275,3.430505243847275,3000.0,,25143.851999514216
D0274,drain,418002.28693588247,1442820.7345737864,80.2437193,13.050302800000004,6.827,10.316257175432447,3.4892571754324475,3000.0,,3658.6636224724007
D0275,drain,418030.7298317977,1442952.39218424,80.243978,13.051493999999996,6.47,7.949999999999999,1.48,3000.0,,17176.013634815008
D0276,drain,418234.4525887437,1442608.3179893875,80.2458663,13.048388399999999,5.457,7.077,1.6200000000000006,3000.0,,30804.744369500637
D0277,drain,418754.39768738457,1443079.2556513413,80.2506487,13.052660499999998,3.694,6.022,2.328,3000.0,,15413.837184161912
D0278,drain,418653.80120755406,1443201.1867212346,80.2497176,13.053760300000004,6.076,7.766,1.69,3000.0,,45381.604747195306
D0279,drain,418197.34825864714,1443104.3200254885,80.2455105,13.052872199999996,5.955,9.807351848728175,3.8523518487281745,3000.0,,772.2467560612457
D0280,drain,418807.38584676635,1443079.088119016,80.2511374,13.0526604,6.207,7.997,1.7900000000000005,3000.0,,8543.38517298633
D0281,drain,418430.1446048346,1443930.9443037931,80.2476349,13.060352699999997,5.207,7.694802549591372,2.487802549591372,3000.0,,12951.615904425355
D0282,drain,418223.5086432516,1443416.8095986324,80.2457432,13.0556984,7.203,8.802999999999999,1.5999999999999992,3000.0,,6252.2946492026995
D0283,drain,418551.6110967456,1443465.6594147736,80.24876790000002,13.0561489,5.635,7.334997066743878,1.6999970667438786,3000.0,,69132.8036659412
D0284,drain,418192.6704027035,1443106.413150014,80.2454673,13.052890999999999,6.362,9.766591429796133,3.404591429796133,3000.0,,7462.240951908056
D0285,drain,418234.38745222735,1443556.5820964645,80.2458397,13.056962499999997,5.64,10.25938458102004,4.61938458102004,3000.0,,5896.708193929838
D0286,drain,418219.08531274495,1443325.8240796307,80.2457049,13.054875599999999,6.292,7.862,1.5699999999999998,3000.0,,5649.500908610007
D0287,drain,418019.4658799382,1443316.741273266,80.2438641,13.054788099999998,5.766,7.3740000000000006,1.608,3000.0,,31357.048563559947
D0288,drain,418028.3945206708,1443143.841454139,80.2439512,13.053225,5.766,7.336,1.5699999999999998,3000.0,,4554.271806609553
D0289,drain,418026.27860087465,1443168.776183703,80.243931,13.053450399999996,5.776,7.856,2.0800000000000005,3000.0,,5988.775803503373
D0290,drain,417831.48706142633,1443168.3399821024,80.2421345,13.0534412,5.69,8.517062731045844,2.827062731045843,3000.0,,31729.400702507664
D0291,drain,418210.25099994405,1443268.3291955788,80.24562500000002,13.054355499999998,5.545,7.926847005786812,2.3818470057868124,3000.0,,17274.80819275353
D0292,drain,418412.49659190304,1443292.7121388137,80.2474896,13.0545814,5.303,7.748193720713789,2.445193720713789,3000.0,,58493.780160582435
D0293,drain,418090.6539659478,1443544.3466287262,80.2445144,13.056847999999999,5.774,7.263999999999999,1.4899999999999998,3000.0,,7305.690998242888
D0294,drain,418224.0333373293,1443562.2422448818,80.2457440499999,13.057013400000335,5.59,9.279963270227764,3.6899632702277643,3000.0,,10429.153408269556
D0295,drain,418211.2383379168,1443556.5292924445,80.24562620000002,13.056961400000002,5.745,8.039284139613052,2.294284139613052,3000.0,,6890.173966211647
D0296,drain,418214.07061170205,1443841.605139418,80.2456445,13.0595391,5.073,6.933,1.8599999999999999,3000.0,,11144.455565266773
D0297,drain,418093.46493888955,1443843.689534892,80.2445321,13.059554699999998,5.755,8.32786335483657,2.57286335483657,3000.0,,4273.834087631092
D0298,drain,418427.3085265062,1443874.0509036002,80.2476103,13.059838199999996,5.193,10.589151162705992,5.396151162705992,3000.0,,45815.4826426694
D0299,drain,418167.1656748458,1443845.1400406847,80.2452118,13.059569800000002,5.567,7.0969999999999995,1.5299999999999998,3000.0,,4221.323106646965
D0300,drain,418188.47990040993,1444110.3531262064,80.2454011,13.0619684,5.058,6.587999999999999,1.5299999999999998,3000.0,,12996.68149066415
D0301,drain,418081.7288841844,1443569.2795263887,80.2444314,13.057073199999998,5.954,7.343999999999999,1.3900000000000001,3000.0,,18006.77210792593
D0302,drain,418088.74737587734,1443843.3275639312,80.2444886,13.059551299999999,5.572,8.444506993669648,2.8725069936696483,3000.0,,7692.7801872788805
D0303,drain,418000.46602290694,1443850.0053570056,80.2436742,13.059609299999996,5.922,7.272,1.35,3000.0,,3238.7488237637763
D0304,drain,418105.14179347106,1443919.9441510139,80.2446377,13.060244499999998,5.755,7.343412580015756,1.5884125800157562,3000.0,,20210.1636976767
D0305,drain,418373.94847327814,1444025.969621321,80.247114,13.0612104,5.763,9.169161056746514,3.406161056746514,3000.0,,6826.7444218397095
D0306,drain,418126.25036377856,1444199.6349198003,80.2448247,13.062774,5.736,7.406000000000001,1.6700000000000004,3000.0,,12940.863181936425
D0307,drain,418137.11118533026,1444187.6360320162,80.2449252,13.0626658,5.981,7.670999999999999,1.69,3000.0,,2462.781264429723
D0308,drain,418121.29457741015,1444170.242092762,80.2447798,13.062508099999999,4.116,5.805999999999999,1.69,3000.0,,5403.574523677857
D0309,drain,418119.0034635689,1444172.748398114,80.2447586,13.0625307,5.457,7.227,1.77,3000.0,,6586.915749985465
D0310,drain,418375.9294110318,1443984.722356065,80.2471334,13.060837500000002,5.358,7.774832731619621,2.416832731619621,3000.0,,3469.2991176972428
D0311,drain,418287.8316815219,1443965.4859730185,80.24632140000001,13.0606612,5.102,6.602,1.5000000000000004,3000.0,,18567.800182992356
D0312,drain,417424.30760430545,1443940.6276005288,80.2383578,13.0604131,5.767,10.685516782551627,4.9185167825516265,3000.0,,57507.01418691048
D0313,drain,417852.43105625286,1443947.163960051,80.2423062,13.060483799999998,5.353,6.872999999999999,1.52,3000.0,,25378.127278258424
D0314,drain,417915.66665123636,1443944.3317922268,80.2428895,13.0604599,6.103,8.043,1.94,3000.0,,10740.0770258724
D0315,drain,417882.33066976053,1443847.8695875595,80.2425847,13.059586799999998,5.374,7.314,1.94,3000.0,,4548.459922468558
D0316,drain,417852.16454709205,1443890.6388976118,80.2423053,13.0599727,6.019,7.439,1.4200000000000004,3000.0,,13628.143031691514
D0317,drain,417886.7079542031,1443567.3175529442,80.2426328,13.0570502,5.549,6.969000000000001,1.4200000000000004,3000.0,,3760.253261960146
D0318,drain,417880.2658477713,1443733.7623289826,80.2425688,13.058554999999998,6.631,8.151,1.52,3000.0,,8826.245673442565
D0319,drain,417699.69805516826,1443698.856122199,80.24090440000002,13.0582345,6.076,8.485766285069015,2.409766285069016,3000.0,,28072.378916456848
D0320,drain,417895.48032929364,1443658.3232868155,80.2427112,13.057873299999999,6.162,7.542,1.3800000000000003,3000.0,,5368.5217245323665
D0321,drain,417762.0722366208,1443632.5880735395,80.2414815,13.057637000000001,6.009,8.7738706741873,2.7648706741873,3000.0,,18777.264660762958
D0322,drain,417000.08930891,1443119.563908225,80.2344681,13.052977599999998,6.666,8.486,1.8199999999999998,3000.0,,8493.291937150529
D0323,drain,417151.8950097988,1443082.111652082,80.2358692,13.0526431,5.112,9.614956086329418,4.502956086329418,3000.0,,13210.148481514367
D0324,drain,416981.33610331017,1443049.3252975058,80.23429710000002,13.052342,6.769,9.186002104171706,2.417002104171706,3000.0,,7086.650383222414
D0325,drain,417238.3388885555,1442968.445696798,80.2366696,13.0516177,4.486,8.84501060282168,4.359010602821681,3000.0,,878.0999227572524
D0326,drain,417089.54664767894,1442869.1577920453,80.2353001,13.050715899999997,6.942,8.652,1.7099999999999995,3000.0,,10487.92338238241
D0327,drain,417172.4864321271,1443154.4240331023,80.2360571,13.0532975,5.766,8.48234584167179,2.7163458416717905,3000.0,,19178.00797975811
D0328,drain,417190.9644157147,1442992.9858797463,80.236232,13.051838299999998,6.134,7.604000000000001,1.4700000000000002,3000.0,,5148.580436684192
D0329,drain,417158.4670037193,1442855.7117437916,80.2359361,13.050596199999998,4.554,7.515925879292646,2.9619258792926457,3000.0,,4713.965177505793
D0330,drain,417237.18804772093,1442960.7405801034,80.23665920000002,13.051547999999999,5.898,8.984399788187254,3.0863997881872542,3000.0,,1733.3889320320716
D0331,drain,417304.8833807871,1442954.6421839155,80.23728370000002,13.051494699999996,5.869,7.709,1.8400000000000003,3000.0,,4425.159148320714
D0332,drain,417220.0502689796,1442847.0325418087,80.2365043,13.050519399999999,6.679,8.391212553006785,1.7122125530067844,3000.0,,5124.245412854192
D0333,drain,417263.9328478991,1443099.812697206,80.236902,13.052806199999997,5.834,8.427108238160283,2.5931082381602835,3000.0,,5318.611939058731
D0334,drain,417446.6987611452,1442803.4289444417,80.2385958,13.050131299999999,6.575,9.129318990960755,2.5543189909607547,3000.0,,26271.58035332153
D0335,drain,417501.3292265084,1443057.7807437205,80.2390926,13.0524326,6.211,7.921000000000001,1.7100000000000004,3000.0,,4401.190625528565
D0336,drain,417450.99806229514,1443072.630030884,80.238628,13.0525655,6.182,7.784865027245865,1.6028650272458647,3000.0,,3283.078940239012
D0337,drain,417660.7670053846,1443015.99520571,80.2405642,13.052059100000001,6.042,7.481999999999999,1.44,3000.0,,11558.04196731114
D0338,drain,417326.75780422974,1442894.7658302514,80.2374871,13.050953900000003,6.06,9.44321244074074,3.383212440740741,3000.0,,11254.856564918126
D0339,drain,417355.678583754,1443112.222285789,80.23774780000001,13.052920899999997,6.06,7.77,1.7100000000000004,3000.0,,11386.262399903802
D0340,drain,417354.5844523179,1443105.3354096336,80.2377379,13.0528586,6.55,8.62,2.07,3000.0,,975.1614180278691
D0341,drain,417438.163308803,1443073.6749831536,80.2385096,13.0525746,6.263,8.333,2.07,3000.0,,543.5923330058936
D0342,drain,417347.85935712105,1443043.1450704494,80.2376776,13.052296100000001,6.716,8.156,1.44,3000.0,,5623.998427563986
D0343,drain,417430.80582570884,1443033.7330212765,80.2384428499999,13.05221325000025,6.53,7.970000000000001,1.44,3000.0,,3649.483496089345
D0344,drain,417342.3840399896,1442985.518614597,80.2376287,13.0517749,7.324,8.623999999999999,1.2999999999999994,3000.0,,4231.335554917916
D0345,drain,417404.3701537613,1442977.4800597462,80.2382006,13.051703899999998,6.811,8.111,1.3000000000000003,3000.0,,3306.36485395832
D0346,drain,417412.3386801982,1442883.2610910197,80.2382767,13.0508522,6.048,7.818,1.77,3000.0,,3966.190463416475
D0347,drain,417433.6143609108,1442970.60163563,80.2384705,13.051642499999998,5.915,8.640874414662232,2.725874414662232,3000.0,,1097.031588936109
D0348,drain,417643.3487931683,1442789.9107996232,80.2404098,13.050014399999998,6.537,8.357,1.8199999999999998,3000.0,,44432.001542175916
D0349,drain,417683.7036396561,1442995.6099861457,80.2407763,13.051875399999998,5.69,8.207798884343728,2.517798884343727,3000.0,,14314.415236625453
D0350,drain,418352.15224140044,1443583.250816293,80.2469251,13.0572068,5.932,10.363580734286117,4.431580734286117,3000.0,,47871.02210239953
D0351,drain,418210.47681219917,1443092.6904859839,80.2456319,13.0527674,6.45,8.809760140855623,2.359760140855623,3000.0,,14141.41663027379
D0352,drain,418707.0969981229,1443184.118969938,80.2502096,13.053607399999999,5.237,6.987,1.7500000000000004,3000.0,,22299.644581428067
D0353,drain,418219.0972422292,1442954.2535582688,80.2457152,13.051515899999998,5.514,7.194000000000001,1.6800000000000002,3000.0,,42583.96647053199
D0354,drain,418216.9545202693,1443010.3543809461,80.2456939,13.052023099999998,6.036,7.776,1.7399999999999998,3000.0,,15828.978011771098
D0355,drain,418629.4308776561,1442938.703373176,80.2495,13.0513863,5.43,8.480465148960597,3.0504651489605976,3000.0,,89122.72354505515
D0356,drain,416934.7807193751,1442964.3949338,80.2338701,13.051572800000002,5.632,7.755022414933737,2.123022414933737,3000.0,,3071.0079648658575
D0357,drain,417862.44875301194,1442741.7435443192,80.2424318,13.0495848,5.276,7.116,1.8400000000000003,3000.0,,36364.61917960401
D0358,drain,417463.7132539055,1442872.7440059758,80.2387508,13.0507585,6.141,8.392600083195237,2.251600083195237,3000.0,,7130.159472874166
S264480800,street,418093.8689744611,1443844.650519826,80.2445358,13.0595634,7.980204977789289,8.280204977789289,0.3,5000.0,264480800.0,1919.3645774923107
S2168615883,street,415941.51339827623,1442469.383746938,80.2247235,13.0470697,7.8081959393545874,8.108195939354587,0.3,5000.0,2168615883.0,835.9315201449732
S250364831,street,417235.4958444828,1442960.5023593178,80.2366436,13.051545800000001,8.631460964687705,8.931460964687705,0.3,5000.0,250364831.0,3195.1617725226833
S293552653,street,416310.74988685467,1442539.6926887042,80.2281268,13.047715600000002,6.990547204951707,7.290547204951706,0.3,5000.0,293552653.0,910.4917341163818
S298357557,street,416330.4475163027,1442367.1461305646,80.2283133,13.046156,10.289781979945392,10.589781979945393,0.3,5000.0,298357557.0,966.9271441732334
S298357564,street,416302.34112553083,1442231.3303527979,80.2280579,13.0449272,10.147812020499927,10.447812020499928,0.3,5000.0,298357564.0,2109.557871753938
S277434833,street,416427.73603349924,1442114.9665452363,80.2292176,13.043878499999998,7.448516807003189,7.748516807003189,0.3,5000.0,277434833.0,6455.538305878384
S293552337,street,415963.8163696917,1443075.950344011,80.2249121,13.0525548,9.952771603090127,10.252771603090128,0.3,5000.0,293552337.0,2148.00780275187
S250364941,street,417352.4429560797,1443103.5170018973,80.2377182,13.052842099999998,7.415580574163059,7.7155805741630585,0.3,5000.0,250364941.0,2308.8507908335187
S2001005470,street,417408.7968473193,1441757.3002575368,80.2382752,13.040671299999998,9.84949702696807,10.14949702696807,0.3,5000.0,2001005470.0,1262.9835100381995
S2167071723,street,416700.0582520572,1441747.811903172,80.2317393,13.040566200000002,6.373612624605945,6.673612624605945,0.3,5000.0,2167071723.0,6345.98127739358
S293551759,street,416103.39333692414,1443067.8598773319,80.2261996,13.0524855,8.908567911052124,9.208567911052125,0.3,5000.0,293551759.0,915.5283300405001
S298357563,street,416443.896241264,1442187.6569136472,80.2293646,13.044536200000001,7.529202865065731,7.829202865065731,0.3,5000.0,298357563.0,3289.5160928670352
S298357517,street,416356.7916313424,1442850.6834297366,80.2285427,13.050528799999999,8.104543054543829,8.40454305454383,0.3,5000.0,298357517.0,750.8822722000765
S11044402724,street,418225.33343272214,1443556.4320691696,80.2457562,13.0569609,9.360384020971473,9.660384020971474,0.3,5000.0,11044402724.0,445.6074872055635
S277433905,street,416104.0896769823,1442428.6414111278,80.226224,13.046705799999998,9.036826067261625,9.336826067261626,0.3,5000.0,277433905.0,3483.0128751496836
S2168615884,street,416151.51329625014,1442580.301993785,80.2266571,13.0480784,7.944907280527919,8.244907280527919,0.3,5000.0,2168615884.0,2745.50163608802
S298357282,street,416590.23520405823,1443235.3267235302,80.2306849,13.054013100000002,7.302035718283751,7.602035718283751,0.3,5000.0,298357282.0,9411.463212793322
S298357363,street,416003.780775046,1442869.2444203992,80.2252865,13.050686899999999,9.266811202414694,9.566811202414694,0.3,5000.0,298357363.0,7629.532095637509
S277498133,street,416216.216387314,1442887.3759082942,80.2272452,13.050856699999997,7.039479403316076,7.3394794033160755,0.3,5000.0,277498133.0,4041.465479600603
S264480792,street,418128.5087017122,1444175.208499808,80.2448462,13.062553199999998,4.984549334084306,5.284549334084306,0.3,5000.0,264480792.0,543.5585432438643
S2197496777,street,418190.07525723084,1443097.8717726648,80.2454436,13.052813699999998,8.867616121716896,9.167616121716897,0.3,5000.0,2197496777.0,6384.330563757272
S2241075504,street,416168.1160136383,1442637.9055021442,80.2268086,13.048599699999999,8.752234028462603,9.052234028462603,0.3,5000.0,2241075504.0,5092.328580732762
S277433902,street,416250.21161329944,1443052.0726561386,80.2275541,13.0523468,9.14971755554205,9.449717555542051,0.3,5000.0,277433902.0,923.6253323385101
S12852450821,street,416744.3400035372,1441793.5976511533,80.2321464,13.040981400000001,8.347534413629855,8.647534413629856,0.3,5000.0,12852450821.0,995.4550312207289
S298357540,street,416497.6237926684,1442501.9754998377,80.2298513,13.047379699999997,7.312605854151677,7.612605854151677,0.3,5000.0,298357540.0,4490.648697176441
S2197215502,street,416538.5125080375,1441153.4573724132,80.2302661,13.035187699999998,4.689884258814578,4.989884258814578,0.3,5000.0,2197215502.0,166.0941419292327
S10596342783,street,416549.92470609373,1441151.4431137138,80.2303714,13.035169799999998,4.456800883919426,4.756800883919426,0.3,5000.0,10596342783.0,630.8333986830634
S298357555,street,416250.32882603107,1442388.8898545457,80.2275738,13.046350399999998,8.415780380047064,8.715780380047065,0.3,5000.0,298357555.0,1185.3117799099828
S293552724,street,416268.8679588925,1442384.4759262474,80.2277449,13.046311,8.215246735032185,8.515246735032186,0.3,5000.0,293552724.0,1483.0229619424845
S12852450817,street,416771.9781403655,1441929.3819713613,80.2323975,13.0422099,6.315213542300343,6.615213542300343,0.3,5000.0,12852450817.0,334.60097547839024
S10594234677,street,414527.3662429281,1443756.7784166534,80.2116447,13.058670700000002,6.1099167895844495,6.409916789584449,0.3,5000.0,10594234677.0,2314.552885964814
S11740393955,street,418140.00057159556,1444182.141842555,80.244952,13.0626162,5.923872416996661,6.22387241699666,0.3,5000.0,11740393955.0,4115.517651101064
S298357305,street,416420.1463558327,1442836.246006803,80.2291274,13.050400000000002,8.182188999366712,8.482188999366713,0.3,5000.0,298357305.0,1395.075888173672
S298357290,street,416403.5491196669,1442840.897262957,80.2289742,13.0504416,7.8611404201842605,8.16114042018426,0.3,5000.0,298357290.0,828.2895723141137
S314705834,street,414064.7477528826,1442696.1322776277,80.2074086,13.0490675,6.420926154773177,6.720926154773177,0.3,5000.0,314705834.0,5309.843409985304
S247684414,street,418207.71255109005,1443092.9088393415,80.2456064,13.0527693,8.62682375070342,8.92682375070342,0.3,5000.0,247684414.0,634.6351587452652
S7045332262,street,418207.0718674696,1443099.8783133198,80.2456003,13.052832300000002,9.142989548234084,9.442989548234085,0.3,5000.0,7045332262.0,6205.46953509438
S250364944,street,417460.3272903537,1443066.8731337292,80.2387142,13.0525137,7.198343831749854,7.498343831749854,0.3,5000.0,250364944.0,1899.5666439485724
S250364943,street,417437.7115998171,1443074.9039603325,80.2385054,13.052585699999998,7.373470022974715,7.673470022974715,0.3,5000.0,250364943.0,4850.781850429692
S298357620,street,415630.5718017152,1443015.744085202,80.22184040000002,13.052001199999998,9.11688795849539,9.41688795849539,0.3,5000.0,298357620.0,5519.772103177563
S2249873820,street,415970.06929172785,1442687.935385235,80.2249807,13.0490466,8.550338342731166,8.850338342731167,0.3,5000.0,2249873820.0,3616.977579144064
S2168615891,street,415975.8341646497,1442715.15777749,80.2250331,13.049292899999998,6.7694500074649415,7.069450007464941,0.3,5000.0,2168615891.0,6503.336162652424
S1954824816,street,415179.0598405246,1443464.6416506502,80.21766350000001,13.056047499999998,8.934074230179323,9.234074230179324,0.3,5000.0,1954824816.0,12053.465321826356
S2168676380,street,415179.036501757,1443435.9860185848,80.2176641,13.055788399999999,9.84942658435645,10.149426584356451,0.3,5000.0,2168676380.0,1132.005102673623
S13904341351,street,418010.969268048,1441676.9437917876,80.2438308,13.039961,6.825090311873918,7.125090311873918,0.3,5000.0,13904341351.0,5313.007125554748
S13904341350,street,418011.4239117587,1441683.9653006555,80.2438348,13.040024499999998,6.325320963975182,6.625320963975182,0.3,5000.0,13904341350.0,7115.956707602601
S301627205,street,414277.60415581975,1443216.9453958266,80.2093567,13.0537826,9.29619276658416,9.59619276658416,0.3,5000.0,301627205.0,8994.263620133715
S315263005,street,414282.94863083254,1443234.0049584522,80.2094055,13.053936999999998,8.87484753710724,9.17484753710724,0.3,5000.0,315263005.0,1604.0930238954681
S2001005529,street,417374.6094320186,1441631.3782250136,80.2379634,13.0395318,6.911185536919506,7.211185536919506,0.3,5000.0,2001005529.0,2682.3613509687184
S11815824213,street,417369.9407942692,1441611.3189871765,80.2379209,13.0393503,7.415315031017956,7.715315031017956,0.3,5000.0,11815824213.0,888.3372783859547
S298357288,street,416511.4887478622,1443236.8375331813,80.2299586,13.0540246,7.450144599612404,7.750144599612404,0.3,5000.0,298357288.0,1474.4028624103698
S298357304,street,416528.0549390689,1443236.3227398917,80.2301114,13.054020400000002,7.089674785894699,7.389674785894699,0.3,5000.0,298357304.0,2872.0617468579167
S11549371804,street,417329.2811957825,1441066.9307280066,80.237561,13.0344269,5.011771111398165,5.311771111398165,0.3,5000.0,11549371804.0,339.5453851117868
S248697312,street,417332.7693426933,1441062.1535550081,80.2375933,13.034383799999999,4.285599746956114,4.585599746956114,0.3,5000.0,248697312.0,475.3899474612963
S11549371805,street,417340.43951614725,1441074.240838929,80.2376637,13.034493299999998,4.128739651169997,4.428739651169997,0.3,5000.0,11549371805.0,6339.26406472656
S11056152025,street,417419.2305547014,1442975.765433744,80.2383377,13.0516888,8.11239566542649,8.41239566542649,0.3,5000.0,11056152025.0,1009.6722312123716
S9189087182,street,417440.696273525,1442971.1112418205,80.2385358,13.0516473,8.539346683501194,8.839346683501194,0.3,5000.0,9189087182.0,6548.6949339947705
S250364974,street,418003.4985909548,1442816.1743923875,80.2437306,13.050261599999997,9.965810911248145,10.265810911248145,0.3,5000.0,250364974.0,9366.634364633543
S293551756,street,416548.2391712478,1442998.8213755616,80.2303042,13.0518735,9.634501697113599,9.9345016971136,0.3,5000.0,293551756.0,6598.050088142824
S13907501733,street,416849.2564094952,1442510.1896938505,80.233094,13.047463599999999,4.572316551172882,4.872316551172882,0.3,5000.0,13907501733.0,1085.906204325585
S245579177,street,416847.94938742963,1442504.6638133922,80.2330821,13.0474136,4.957497978182451,5.2574979781824505,0.3,5000.0,245579177.0,254.2571701740118
S264480929,street,418024.5432591544,1443139.5064954457,80.2439158,13.053185699999998,5.578595414625617,5.878595414625617,0.3,5000.0,264480929.0,12636.515555901806
S264480935,street,418021.26029660256,1443173.0491022654,80.2438846,13.053488899999996,6.532337901748795,6.832337901748795,0.3,5000.0,264480935.0,11350.560639539963
S2068622249,street,416892.47960666666,1441149.8322400856,80.2335305,13.035164599999998,8.163389716866554,8.463389716866555,0.3,5000.0,2068622249.0,2163.1079559569253
S2068622274,street,416901.2272084085,1441184.721157397,80.2336102,13.0354803,8.517471815989389,8.81747181598939,0.3,5000.0,2068622274.0,8476.631855885149
S1702257618,street,417610.0687742597,1442223.9668951195,80.2401185,13.0448963,3.7998951341665794,4.099895134166579,0.3,5000.0,1702257618.0,694.8895987203862
S11777931844,street,417635.8419189501,1442220.0078165934,80.2403563,13.044861200000001,4.1229977969781775,4.422997796978177,0.3,5000.0,11777931844.0,6372.890051267925
S2197215512,street,416601.97751204245,1441342.4073748775,80.2308461,13.036897899999998,10.762233093007527,11.062233093007528,0.3,5000.0,2197215512.0,3069.4649350498094
S2168721295,street,416582.3639745101,1441328.87446031,80.2306656,13.036775,9.385199349143058,9.685199349143058,0.3,5000.0,2168721295.0,6094.58872251301
S10246605657,street,416596.94595546304,1441324.4506696635,80.2308002,13.036735400000003,7.982777833663751,8.28277783366375,0.3,5000.0,10246605657.0,2714.14114201723
S2168756267,street,414620.647806966,1443687.7744860845,80.212507,13.058049399999998,9.402526325502294,9.702526325502294,0.3,5000.0,2168756267.0,6867.461451565031
S2168756272,street,414626.0459350361,1443729.1874477423,80.2125556,13.058424,7.049154735506097,7.349154735506096,0.3,5000.0,2168756272.0,15977.479753761872
S305540963,street,414788.1144009875,1443489.0205153928,80.2140572,13.056257000000002,9.681328931058292,9.981328931058293,0.3,5000.0,305540963.0,9142.976642348174
S2270535434,street,414788.35531228327,1443447.8001999904,80.2140606,13.055884299999999,8.643535070053737,8.943535070053738,0.3,5000.0,2270535434.0,2241.5957873714656
S2168756249,street,414788.6928238843,1443462.2431455639,80.21406330000002,13.056014899999997,9.159459540888783,9.459459540888783,0.3,5000.0,2168756249.0,1996.5471307477924
S298357590,street,415839.2011582089,1442278.9611800963,80.2237853,13.045345100000002,9.050911853197675,9.350911853197676,0.3,5000.0,298357590.0,5176.0250554244385
S300218446,street,414569.897732127,1443437.9160188173,80.2120461,13.055788799999998,7.994160656928913,8.294160656928913,0.3,5000.0,300218446.0,2826.3552581197996
S300218456,street,414568.4441041392,1443392.321297383,80.212034,13.0553765,9.443088294091982,9.743088294091983,0.3,5000.0,300218456.0,4181.752877619395
S2068622261,street,416916.1672042722,1441248.6119144396,80.2337462,13.036058399999998,8.4629791350159,8.7629791350159,0.3,5000.0,2068622261.0,7639.246342511052
S2068622280,street,416927.5997160709,1441292.8823810953,80.2338504,13.036458999999997,8.365083006189476,8.665083006189477,0.3,5000.0,2068622280.0,9454.28752761468
S250363982,street,416390.2079606127,1441608.1054097372,80.2288857,13.0392945,8.272937839937779,8.57293783993778,0.3,5000.0,250363982.0,6428.510024323008
S277439021,street,414503.7113175816,1443775.3880756728,80.211426,13.0588383,6.247279977902773,6.547279977902773,0.3,5000.0,277439021.0,3249.059515176731
S300216374,street,414548.7733943828,1442780.9457494316,80.2118701,13.049847999999999,7.537088060189369,7.837088060189369,0.3,5000.0,300216374.0,855.7404890575384
S5328855183,street,414583.1350599486,1442787.9946752342,80.2121868,13.0499127,7.026442793837871,7.326442793837871,0.3,5000.0,5328855183.0,2734.069528921041
S298139996,street,416016.5858455975,1442933.0307575024,80.2254028,13.051264000000003,9.84856235945831,10.14856235945831,0.3,5000.0,298139996.0,736.2485058011116
S293552349,street,415992.0615876477,1442940.9137818795,80.2251764,13.051334599999999,7.783067060022394,8.083067060022394,0.3,5000.0,293552349.0,1634.1893631393568
S2001005521,street,417555.6885419668,1441734.6079817815,80.2396305,13.040470100000002,8.17765860953411,8.47765860953411,0.3,5000.0,2001005521.0,8712.31071269507
S2197202980,street,417590.2864566578,1441729.9257060648,80.2399497,13.040428700000003,6.553164333542027,6.8531643335420265,0.3,5000.0,2197202980.0,3326.540470991055
S250363738,street,416293.3659446621,1441419.2351288698,80.2279979,13.0375841,6.866773597096929,7.166773597096928,0.3,5000.0,250363738.0,5188.693807551117
S250363925,street,416338.7244187658,1441405.0072740137,80.2284166,13.037456699999996,11.282588731342848,11.582588731342849,0.3,5000.0,250363925.0,6800.407250398044
S2197202947,street,417264.12165107054,1441167.9018132163,80.2369573,13.0353381,9.316727825459388,9.616727825459389,0.3,5000.0,2197202947.0,1113.1943270650008
S250319178,street,417258.01556234324,1441203.6096162703,80.2369,13.035660799999999,8.618327588251958,8.918327588251959,0.3,5000.0,250319178.0,3139.204703910303
S10564932049,street,417276.7452141644,1441175.6720007728,80.2370735,13.035408699999998,9.418811105603577,9.718811105603578,0.3,5000.0,10564932049.0,9718.63711057889
S2068622246,street,417363.2595153803,1441560.1550204286,80.2378607,13.0388875,7.250388132322579,7.5503881323225785,0.3,5000.0,2068622246.0,3332.9425406284017
S264481002,street,418103.42945049383,1443541.6763787216,80.2446323,13.0568242,4.807935354024552,5.107935354024552,0.3,5000.0,264481002.0,8234.492992638405
S264481000,street,418087.24973142875,1443566.2990945773,80.2444824,13.0570464,4.927222972140203,5.227222972140203,0.3,5000.0,264481000.0,4506.57997830242
S298357292,street,416464.344304632,1442826.2465294334,80.2295353,13.0503108,9.24514328166962,9.54514328166962,0.3,5000.0,298357292.0,3380.070038816315
S1283415134,street,417417.1515556047,1442875.5823043813,80.2383213,13.050782899999998,7.4555736691156795,7.755573669115679,0.3,5000.0,1283415134.0,3492.114292524759
S11782130413,street,417464.81695443555,1442868.3721332275,80.2387611,13.050719,7.912678383944695,8.212678383944695,0.3,5000.0,11782130413.0,7189.299470492191
S298357531,street,416297.25570694543,1442488.0076414659,80.2280038,13.047247899999999,8.505697865646653,8.805697865646653,0.3,5000.0,298357531.0,7146.8959734837
S298357589,street,415889.10339596425,1442481.820150698,80.2242398,13.047180699999998,8.451881684728697,8.751881684728698,0.3,5000.0,298357589.0,7185.629120778904
S264480919,street,418219.7672931544,1443846.7198633945,80.24569690000001,13.0595855,6.196362181870553,6.496362181870553,0.3,5000.0,264480919.0,14133.788421838068
S264481119,street,418172.15925634396,1443839.8829065403,80.245258,13.059522399999999,5.769908292138142,6.069908292138142,0.3,5000.0,264481119.0,9182.803578850213
S11936395332,street,418784.1147390584,1443078.2388770524,80.2509228,13.052652099999998,3.1703623703181627,3.4703623703181625,0.3,5000.0,11936395332.0,2746.030254257481
S1879071610,street,418809.29756193195,1443072.889089301,80.2511552,13.052604399999998,3.1741430201325525,3.4741430201325523,0.3,5000.0,1879071610.0,8077.241619962886
S357985252,street,418801.9839111828,1443070.986306003,80.2510878,13.052587000000003,3.1600680703311923,3.460068070331192,0.3,5000.0,357985252.0,6212.779226273308
S298358306,street,415130.32499431807,1443282.981475939,80.2172192,13.054403600000002,8.696149731678332,8.996149731678333,0.3,5000.0,298358306.0,2941.204482106129
S298358311,street,415137.76480318885,1443230.8119946436,80.2172893,13.053932099999997,8.782453555870035,9.082453555870035,0.3,5000.0,298358311.0,3868.844182265129
S300216386,street,414771.5466398671,1443170.629424704,80.2139135,13.053377699999997,8.30980997762262,8.609809977622621,0.3,5000.0,300216386.0,7941.302905357193
S315258974,street,414748.11641131074,1443171.0006557563,80.2136974,13.053380399999998,7.957408958724689,8.257408958724689,0.3,5000.0,315258974.0,17023.889346432945
S298357284,street,416103.7085976005,1443135.6658325363,80.2262006,13.053098600000002,7.8554058980592005,8.1554058980592,0.3,5000.0,298357284.0,3836.462618672982
S12685021118,street,416103.83216816105,1443169.0656996148,80.2262008,13.0534006,7.11878258467692,7.4187825846769195,0.3,5000.0,12685021118.0,5682.192054179833
S264480782,street,417858.1267641713,1443951.9357659773,80.2423586,13.0605271,4.4464624043446825,4.746462404344682,0.3,5000.0,264480782.0,8171.8745341702925
S264480656,street,417911.32134167856,1443945.174242366,80.2428494,13.0604674,6.128874274728796,6.428874274728796,0.3,5000.0,264480656.0,4186.027843204208
S250364993,street,418212.06475790974,1443014.118135522,80.24564870000002,13.052056999999996,6.316833150196993,6.616833150196993,0.3,5000.0,250364993.0,7029.0680829017565
S10747978423,street,416982.52762287675,1441593.218470524,80.2343486,13.0391761,4.953166965865032,5.253166965865032,0.3,5000.0,10747978423.0,12985.569507871009
S2001005468,street,417016.9970755763,1441589.0446110214,80.2346666,13.039139299999999,3.8956098180107563,4.195609818010756,0.3,5000.0,2001005468.0,4798.452361017249
S12253059947,street,416995.8831082475,1441577.6393971592,80.2344722,13.0390356,5.599242839064724,5.899242839064724,0.3,5000.0,12253059947.0,14636.648353050827
S12506778079,street,417000.824883998,1441580.3009352498,80.23451770000001,13.039059799999999,5.005308248822056,5.3053082488220555,0.3,5000.0,12506778079.0,785.7702252703499
S2197202960,street,417008.9055761314,1441584.6783181306,80.2345921,13.0390996,4.344621447540231,4.6446214475402305,0.3,5000.0,2197202960.0,939.15409012284
S250364873,street,417508.0538980133,1443054.874005849,80.2391547,13.0524065,6.063119428699107,6.363119428699107,0.3,5000.0,250364873.0,13922.395476523932
S264480924,street,418218.32099231245,1443331.322990953,80.24569770000001,13.054925299999999,7.454954972153631,7.754954972153631,0.3,5000.0,264480924.0,8815.929633711641
S264480966,street,418209.37178490916,1443275.299379992,80.2456167,13.054418500000002,7.715692826318386,8.015692826318386,0.3,5000.0,264480966.0,5733.506505956554
S264480783,street,417857.4879897904,1443894.195255217,80.24235430000002,13.060005,5.649990056363466,5.949990056363466,0.3,5000.0,264480783.0,2067.749203767556
S298357289,street,416442.9854131462,1443019.5570717868,80.2293329,13.0520581,10.091817516637743,10.391817516637744,0.3,5000.0,298357289.0,6464.9272661720115
S298357293,street,416461.9739065949,1443073.9793484677,80.2295065,13.0525507,10.960265332956048,11.260265332956049,0.3,5000.0,298357293.0,3936.1732420680273
S298357573,street,416001.17338502937,1442455.609211217,80.2252741,13.046946799999997,8.22578699535497,8.52578699535497,0.3,5000.0,298357573.0,5823.3457544240255
S6776936045,street,416456.0276261433,1442261.9631720553,80.2294744,13.045208400000002,6.051951298006621,6.351951298006621,0.3,5000.0,6776936045.0,4210.278873092839
S10548419786,street,416469.79397212947,1442324.7955970503,80.2295996,13.0457769,6.083686219405459,6.383686219405459,0.3,5000.0,10548419786.0,1999.3816507103888
S9819018841,street,418367.1619017253,1444029.8827687907,80.2470513,13.0612456,7.268775106685236,7.568775106685236,0.3,5000.0,9819018841.0,11777.49688482765
S309213665,street,418384.8170714391,1443983.6674183847,80.2472154,13.060828199999998,8.528744784758484,8.828744784758484,0.3,5000.0,309213665.0,4165.18063400143
S313124606,street,418359.9019218069,1444024.0759037535,80.2469845,13.0611929,6.123556144751488,6.423556144751488,0.3,5000.0,313124606.0,5559.923905627495
S293552350,street,416030.43744324014,1442931.1857415917,80.2255306,13.051247699999998,10.793668485553567,11.093668485553568,0.3,5000.0,293552350.0,2199.712747233793
S247680992,street,416886.0505727196,1441089.1452277445,80.2334729,13.0346157,7.934418937946583,8.234418937946582,0.3,5000.0,247680992.0,31830.189920705194
S2197415670,street,416756.5120119032,1441931.7733852821,80.2322548,13.042231099999999,6.158490450713613,6.4584904507136125,0.3,5000.0,2197415670.0,1715.0617621181163
S245579175,street,416757.8422473634,1441980.8189475695,80.23226570000001,13.0426746,9.529828162490155,9.829828162490156,0.3,5000.0,245579175.0,8682.609451592602
S298357280,street,416030.2033024685,1442993.0100884982,80.2255267,13.051806699999998,10.71775795383525,11.01775795383525,0.3,5000.0,298357280.0,2097.6937421821794
S298357274,street,416056.293129179,1443032.7010761567,80.2257662,13.052166299999996,11.238842275991473,11.538842275991474,0.3,5000.0,298357274.0,1869.241391638794
S277434835,street,416509.14499933255,1442564.6599206654,80.2299558,13.0479468,5.972980983125149,6.272980983125149,0.3,5000.0,277434835.0,6752.053526783277
S250364964,street,417907.4210884345,1442914.7589993468,80.2428418,13.0511504,10.41349474055485,10.71349474055485,0.3,5000.0,250364964.0,4268.137608616762
S250364963,street,417892.0309663842,1442844.3660955105,80.2427018,13.050513499999997,7.562904143329533,7.862904143329533,0.3,5000.0,250364963.0,5564.507958494824
S247681515,street,418197.28973719565,1442639.8046249568,80.2455227,13.048672099999997,7.930531794647735,8.230531794647735,0.3,5000.0,247681515.0,15153.519914396258
S245578475,street,418232.46734510176,1442597.0430683275,80.2458483,13.048286399999999,3.0036447337370085,3.3036447337370083,0.3,5000.0,245578475.0,13036.144970524922
S247681683,street,417089.517904767,1442863.218842577,80.2353,13.0506622,7.125552909589127,7.425552909589126,0.3,5000.0,247681683.0,9896.425659304565
S250364767,street,417150.3930113007,1442849.8302033,80.2358618,13.0505428,6.825687231201957,7.125687231201957,0.3,5000.0,250364767.0,6755.123534813223
S277439131,street,415002.9947021793,1443632.6404538646,80.2160349,13.057561600000001,7.813356869828486,8.113356869828486,0.3,5000.0,277439131.0,1749.0622709182896
S306531512,street,415006.2600478802,1443559.536711882,80.2160671,13.056900699999998,8.111949765089086,8.411949765089087,0.3,5000.0,306531512.0,6362.220453768943
S1954824857,street,415003.85614329495,1443613.1726942786,80.2160434,13.057385600000002,7.845082337811136,8.145082337811136,0.3,5000.0,1954824857.0,5860.920721403871
S298357276,street,416007.82432348514,1443039.407435071,80.225319,13.052225599999996,11.976237957768543,12.276237957768544,0.3,5000.0,298357276.0,1974.447548300343
S298357558,street,416285.81108453515,1442158.3757371674,80.2279075,13.044267099999997,9.275892281066067,9.575892281066068,0.3,5000.0,298357558.0,10575.985969209149
S2241078189,street,416996.5617293057,1443121.9413216007,80.2344355,13.052998999999998,6.931904480081508,7.231904480081508,0.3,5000.0,2241078189.0,5012.244256215796
S298387364,street,416977.58953135816,1443054.5899454474,80.2342624,13.0523895,8.274321561750973,8.574321561750974,0.3,5000.0,298387364.0,4010.301870579691
S300216385,street,414848.032701419,1443170.845954122,80.2146189,13.053381799999995,8.859801451322557,9.159801451322558,0.3,5000.0,300216385.0,25685.968705289106
S293552673,street,416482.22667050234,1442401.9543461956,80.2297121,13.0464749,7.117720728753659,7.417720728753658,0.3,5000.0,293552673.0,3758.446916223322
S10548419782,street,416471.89775442594,1442335.5834475541,80.22961870000002,13.045874500000002,6.056944751357554,6.356944751357553,0.3,5000.0,10548419782.0,3133.179637493492
S250364766,street,417190.5692604586,1442994.9888671578,80.2362283,13.051856399999998,7.144118902454176,7.444118902454176,0.3,5000.0,250364766.0,5917.985754341966
S250364132,street,417239.30515682045,1442990.4846816089,80.2366779,13.051817000000002,8.128386398727226,8.428386398727227,0.3,5000.0,250364132.0,4573.497990002064
S2197202949,street,417200.6517755219,1441271.6771571753,80.2363691,13.036274699999998,7.4763521714794745,7.776352171479474,0.3,5000.0,2197202949.0,6840.656101245669
S248700636,street,417176.9455368145,1441332.211510538,80.2361488,13.036821399999997,8.784479620498846,9.084479620498847,0.3,5000.0,248700636.0,2637.854527065465
S2197202951,street,417168.4998183047,1441325.4573508564,80.2360711,13.0367601,8.462193133556436,8.762193133556437,0.3,5000.0,2197202951.0,11236.615693250704
S293552842,street,416290.66214484075,1442865.439117183,80.2279324,13.050660399999998,9.224212317015088,9.524212317015088,0.3,5000.0,293552842.0,4774.558283655765
S250364952,street,417926.6245809052,1442991.333929549,80.2430168,13.051843300000002,5.93584309278048,6.23584309278048,0.3,5000.0,250364952.0,14729.860431555784
S2197202984,street,417651.44253003877,1441729.8090696835,80.2405137,13.0404293,6.6792646057231,6.9792646057231,0.3,5000.0,2197202984.0,33575.830890205725
S2001025757,street,417626.958682658,1441726.3211123869,80.240288,13.040397100000002,6.632721797944701,6.9327217979447004,0.3,5000.0,2001025757.0,6527.166957257195
S928069023,street,415997.68278011616,1442619.2699702352,80.2252373,13.0484265,8.098329295800493,8.398329295800494,0.3,5000.0,928069023.0,1068.7943087478043
S298357549,street,416074.36000188516,1442599.9690819273,80.225945,13.0482541,9.585935030713248,9.885935030713249,0.3,5000.0,298357549.0,3672.4059784812225
S12017095903,street,416011.45336916717,1442615.6998916224,80.2253644,13.0483946,8.45687283434291,8.75687283434291,0.3,5000.0,12017095903.0,3604.2662025935515
S298357544,street,416057.52145649755,1442603.7475622837,80.2257896,13.048287799999997,9.440008858824992,9.740008858824993,0.3,5000.0,298357544.0,3337.8446894016033
S247681990,street,415874.4965184331,1443158.640195535,80.224086,13.0533,7.104599376951812,7.404599376951812,0.3,5000.0,247681990.0,22966.403122601856
S298357283,street,415859.99095573364,1443091.994643573,80.2239541,13.052697,9.270670027379484,9.570670027379485,0.3,5000.0,298357283.0,3737.613258047037
S250364826,street,417219.311739716,1442835.820274802,80.2364978,13.050417999999999,8.109703961395645,8.409703961395646,0.3,5000.0,250364826.0,14440.307536617098
S250364917,street,417264.6291433078,1443100.5958381603,80.2369084,13.0528133,8.14174247149072,8.44174247149072,0.3,5000.0,250364917.0,6882.7293806333455
S264480918,street,418220.3181882196,1443412.2514578465,80.2457139,13.0556571,8.198337417043728,8.498337417043729,0.3,5000.0,264480918.0,7605.436946335611
S308209325,street,417415.1391084794,1442136.4278999537,80.2383232,13.044099499999998,6.844074422719311,7.144074422719311,0.3,5000.0,308209325.0,22530.870588658105
S250364229,street,417352.96368090203,1442175.9426337595,80.2377487,13.044455099999999,10.534918349606677,10.834918349606678,0.3,5000.0,250364229.0,21953.125954216695
S293552357,street,416115.8169081398,1442988.8779731572,80.2263164,13.051771700000002,12.971662843334066,13.271662843334067,0.3,5000.0,293552357.0,5045.124648853884
S315263352,street,414521.94309257006,1443543.4531654334,80.2116008,13.0567417,8.335507746846783,8.635507746846784,0.3,5000.0,315263352.0,4216.708435109049
S9604879143,street,414523.96566004155,1443615.0807185448,80.2116174,13.057389399999996,7.882293141435068,8.182293141435068,0.3,5000.0,9604879143.0,7781.974135265696
S2068622264,street,416681.0533519997,1441662.9754764219,80.2315664,13.039798599999996,8.629462042416723,8.929462042416723,0.3,5000.0,2068622264.0,13900.906637925309
S248700566,street,416466.4740490757,1441155.5559071626,80.2296017,13.0352047,5.504973127210873,5.804973127210872,0.3,5000.0,248700566.0,3524.079985634102
S14070407314,street,416528.9172767568,1441143.1677900096,80.2301779,13.035094400000002,3.8937945625198793,4.193794562519879,0.3,5000.0,14070407314.0,1281.0353155510938
S248700565,street,416491.7685076208,1441150.7788477172,80.2298351,13.035162199999998,5.4406005648331295,5.740600564833129,0.3,5000.0,248700565.0,4003.8709297842606
S250737522,street,417886.3801863381,1443737.1061976051,80.2426251,13.0585854,5.71242349074682,6.01242349074682,0.3,5000.0,250737522.0,7167.389318439529
S186741980,street,417899.90245020896,1443654.1405949842,80.2427521,13.057835599999999,5.330199955212867,5.630199955212867,0.3,5000.0,186741980.0,8983.99621609146
S2239156119,street,415892.5820820146,1442736.5693459006,80.2242647,13.0494842,11.729093522988915,12.029093522988916,0.3,5000.0,2239156119.0,2716.7038916191514
S2249873824,street,415933.6848961215,1442724.9637637564,80.2246441,13.049380399999999,9.340899685936229,9.64089968593623,0.3,5000.0,2249873824.0,2816.6470133952685
S298357692,street,415609.33723168715,1442749.29273753,80.2216521,13.049591399999997,8.688570616897387,8.988570616897388,0.3,5000.0,298357692.0,8749.714393065973
S298357601,street,415604.43068146944,1442676.8004474125,80.2216089,13.048935799999999,7.456663791969845,7.756663791969845,0.3,5000.0,298357601.0,13969.37352383335
S300216436,street,414266.940207269,1443323.0193213646,80.2092553,13.054741400000001,9.796493315281793,10.096493315281794,0.3,5000.0,300216436.0,23251.746491848902
S300216416,street,414271.84366757714,1443299.4799901482,80.2093012,13.054528700000002,9.778189444986623,10.078189444986624,0.3,5000.0,300216416.0,4916.426090871759
S300216412,street,414278.6995845343,1443269.2213191777,80.2093653,13.054255299999996,9.128716412737464,9.428716412737465,0.3,5000.0,300216412.0,3968.9806469785417
S300218440,street,414562.04947277665,1443298.9307483113,80.2119777,13.0545319,9.03880569706834,9.338805697068342,0.3,5000.0,300218440.0,14780.64322190345
S250364069,street,417166.67174556956,1442458.4463816707,80.2360228,13.047004399999999,6.772189375006841,7.0721893750068405,0.3,5000.0,250364069.0,15394.863570196325
S250364274,street,417101.99145699583,1442468.7718090978,80.235426,13.047095999999998,9.917489092909204,10.217489092909204,0.3,5000.0,250364274.0,8432.845060660195
S250364713,street,417141.8336937054,1442463.1772772877,80.2357936,13.0470465,8.022360219875623,8.322360219875623,0.3,5000.0,250364713.0,3676.93425573935
S11038480927,street,415792.4670055882,1442757.236487727,80.2233408,13.049668299999999,9.359240719876258,9.659240719876259,0.3,5000.0,11038480927.0,5775.047414582403
S298357583,street,415775.5652174689,1442662.3961051214,80.2231876,13.0488103,10.861615149608063,11.161615149608064,0.3,5000.0,298357583.0,4762.414558718865
S2274237335,street,417399.51198456174,1441705.712767728,80.238191,13.040204600000001,6.4521693166877245,6.752169316687724,0.3,5000.0,2274237335.0,5302.726407236691
S243049432,street,418193.89374604507,1444115.1700744233,80.2454509,13.062012099999999,5.705836608743587,6.005836608743587,0.3,5000.0,243049432.0,16501.357469363385
S250364276,street,417087.0019837461,1442373.7592445002,80.2352904,13.0462365,4.71466440150388,5.01466440150388,0.3,5000.0,250364276.0,7830.837577568588
S2167071720,street,416363.3537810675,1441502.644589573,80.228641,13.038340199999997,8.910015802471381,9.210015802471382,0.3,5000.0,2167071720.0,9065.205824933131
S298357621,street,415449.51801471924,1442966.5756361322,80.220172,13.051551599999998,6.623974046027696,6.923974046027696,0.3,5000.0,298357621.0,29644.585234818347
S314643681,street,415436.07133984606,1443057.79312722,80.2200454,13.052375999999997,7.053333479569572,7.353333479569572,0.3,5000.0,314643681.0,388.6531582026995
S12624807099,street,415447.9803505916,1442981.3450594957,80.2201574,13.051685100000002,6.908470831298164,7.208470831298164,0.3,5000.0,12624807099.0,4735.644695427173
S277435460,street,415439.7077658734,1443045.0079950884,80.2200793,13.052260499999997,6.69287898321163,6.99287898321163,0.3,5000.0,277435460.0,1765.3150229670628
S277439132,street,415000.95866800466,1443738.6209321257,80.2160131,13.058519800000001,7.511610158906645,7.811610158906645,0.3,5000.0,277439132.0,22830.922661265606
S1954824878,street,415001.4011160315,1443671.310141254,80.21601910000001,13.057911199999998,9.167059412319663,9.467059412319664,0.3,5000.0,1954824878.0,11202.648059539697
S2197415790,street,416942.07563068415,1442974.392958956,80.2339371,13.051663400000002,7.809829498536588,8.109829498536588,0.3,5000.0,2197415790.0,1107.061188824438
S2197415794,street,416959.03672064247,1442989.703618447,80.2340931,13.051802299999997,7.602974148786986,7.902974148786986,0.3,5000.0,2197415794.0,5912.066000030163
S2197415803,street,416955.00243151834,1442996.6391465676,80.2340557,13.051864899999998,7.435878143114296,7.735878143114296,0.3,5000.0,2197415803.0,1147.5677684253556
S2239156134,street,416948.2054159848,1442993.5297844613,80.2339931,13.0518366,7.272015228790485,7.572015228790485,0.3,5000.0,2239156134.0,1665.1967709840092
S1975496482,street,417877.95072274684,1443561.2609037186,80.2425522,13.056995199999998,4.595773985869977,4.895773985869977,0.3,5000.0,1975496482.0,12511.735188923596
S247675888,street,417904.4731808941,1443587.1608013844,80.2427961,13.0572301,5.421190894759974,5.721190894759974,0.3,5000.0,247675888.0,9208.141056975284
S250364032,street,416415.4688345999,1441710.2753087047,80.2291158,13.040219,9.738209060517725,10.038209060517726,0.3,5000.0,250364032.0,6573.416629931502
S301513724,street,414280.22009881824,1443680.4394795913,80.2093675,13.057973500000001,7.437084664806532,7.737084664806532,0.3,5000.0,301513724.0,4413.114263765165
S301436173,street,414267.6030333585,1443566.9064339371,80.2092544,13.0569466,8.007035748954493,8.307035748954494,0.3,5000.0,301436173.0,16644.031531110337
S301627100,street,414273.237030011,1443617.719393357,80.2093049,13.0574062,8.216273980040437,8.516273980040438,0.3,5000.0,301627100.0,5421.247944365453
S301627093,street,414270.42202066176,1443587.7341783294,80.2092798,13.057135,8.261551101479377,8.561551101479377,0.3,5000.0,301627093.0,2677.0756331383172
S10216123926,street,416528.5979305131,1442346.7918013325,80.2301413,13.045977400000002,4.204558122981533,4.504558122981533,0.3,5000.0,10216123926.0,4658.949465551553
S250364151,street,416512.3165250972,1442255.499402344,80.2299937,13.045151499999996,5.940675316502848,6.2406753165028475,0.3,5000.0,250364151.0,7916.35928684006
S6785638129,street,416523.5614229138,1442316.4482930766,80.2300957,13.045702899999997,4.609015297877608,4.909015297877608,0.3,5000.0,6785638129.0,6043.666336688956
S12485887995,street,417143.4157557854,1441983.825108756,80.2358215,13.042712299999998,5.644809963391195,5.944809963391195,0.3,5000.0,12485887995.0,11599.480704642236
S2001025751,street,417094.03469161893,1442080.7236233319,80.2353634,13.043587100000002,8.73052606722446,9.03052606722446,0.3,5000.0,2001025751.0,26320.44305011281
S12485887993,street,417146.46492080187,1441988.1623727058,80.2358495,13.0427516,5.563295303164354,5.863295303164354,0.3,5000.0,12485887993.0,12455.804823124152
S11597319730,street,414703.85959526163,1442805.039149541,80.2132997,13.050070199999997,8.737417259869378,9.037417259869379,0.3,5000.0,11597319730.0,8512.871619713604
S6305487163,street,414662.1367006115,1442798.344701731,80.2129151,13.050008499999999,9.438784183566401,9.738784183566402,0.3,5000.0,6305487163.0,15377.690872642985
S298357598,street,415740.669416997,1442958.7920382884,80.2228574,13.051489299999997,7.02306353608599,7.32306353608599,0.3,5000.0,298357598.0,13840.134868948811
S277498134,street,415837.2704977368,1442977.0655130749,80.2237478,13.051657199999998,8.837390377379734,9.137390377379734,0.3,5000.0,277498134.0,4017.5749833183145
S2168756238,street,415832.44580227055,1442948.8448910692,80.2237041,13.051401899999998,8.378510562257333,8.678510562257333,0.3,5000.0,2168756238.0,3626.6629989393714
S2482301312,street,417680.8931741882,1443009.3765949172,80.24075,13.0519998,6.585300745012583,6.885300745012583,0.3,5000.0,2482301312.0,683.1977570146081
S298154859,street,417687.8025519453,1443002.9634428378,80.2408139,13.051942,7.238006211284651,7.53800621128465,0.3,5000.0,298154859.0,3897.691030598734
S2482301333,street,417696.17279461096,1443057.1748917953,80.2408896,13.052432400000002,5.238499688309897,5.538499688309897,0.3,5000.0,2482301333.0,6190.581725896528
S247675875,street,417708.1628855625,1443056.4864967049,80.2410002,13.0524265,5.443024655715348,5.743024655715348,0.3,5000.0,247675875.0,6085.349618897324
S2197415766,street,416935.61084648396,1442891.0005119205,80.2338798,13.050909199999996,6.702752522548222,7.002752522548222,0.3,5000.0,2197415766.0,8693.783728541137
S264480923,street,418222.3641142237,1443433.0043081085,80.2457322,13.055844800000001,8.547512816819353,8.847512816819354,0.3,5000.0,264480923.0,7090.119668009037
S2270010411,street,418224.11963119067,1443487.3571944719,80.2457469,13.056336299999998,8.508465692168361,8.808465692168362,0.3,5000.0,2270010411.0,9856.145432179257
S264480802,street,417993.38835914386,1443854.4724473373,80.2436088,13.0596495,5.680649173165547,5.9806491731655465,0.3,5000.0,264480802.0,6166.1001035667505
S186741978,street,417874.66430512344,1443843.9994946902,80.2425141,13.059551599999999,6.8283700829283855,7.128370082928385,0.3,5000.0,186741978.0,7494.014545748866
S11767192017,street,417986.6392092344,1443816.414229115,80.2435476,13.0593052,6.662202391484193,6.962202391484193,0.3,5000.0,11767192017.0,13769.574505987519
S2239156100,street,416724.20863909414,1442296.9062444922,80.2319467,13.045531699999998,8.280883512512364,8.580883512512365,0.3,5000.0,2239156100.0,10838.707239110277
S250364295,street,416871.87143092824,1442297.2339824424,80.2333085,13.045538700000002,8.074083775386715,8.374083775386715,0.3,5000.0,250364295.0,3599.279345287396
S250364519,street,416797.45260630455,1442285.6803406423,80.2326225,13.0454322,6.912772173582223,7.212772173582223,0.3,5000.0,250364519.0,7002.39123173542
S13942085600,street,416802.0511222938,1442311.125775377,80.2326642,13.045662399999994,6.1274868023904805,6.42748680239048,0.3,5000.0,13942085600.0,5949.3230235069595
S2197415682,street,416808.93216650194,1442309.689336664,80.2327277,13.045649599999999,6.522351806464032,6.822351806464032,0.3,5000.0,2197415682.0,3148.394369243331
S301436213,street,414278.2275018517,1443886.3779202935,80.2093432,13.0598355,7.8333255635159995,8.133325563516,0.3,5000.0,301436213.0,6405.88128208178
S301513727,street,414281.5198490489,1443714.7758956177,80.2093785,13.058284,8.704427106611497,9.004427106611498,0.3,5000.0,301513727.0,4924.385949188967
S301513656,street,414282.84345632466,1443749.8090011037,80.2093897,13.0586008,7.3267046584210895,7.626704658421089,0.3,5000.0,301513656.0,9487.32986883616
S301436187,street,414284.3502279307,1443822.7211216374,80.2094015,13.059260099999998,7.752640602194192,8.052640602194192,0.3,5000.0,301436187.0,10806.13969720947
S301436205,street,414280.7816365899,1443857.050601672,80.2093676,13.0595704,7.876723161294696,8.176723161294696,0.3,5000.0,301436205.0,6416.187612392925
S305541370,street,415016.824210453,1443434.3412901121,80.2161681,13.055769,7.190103766044508,7.490103766044508,0.3,5000.0,305541370.0,6773.602850436575
S9189470862,street,414913.6130421816,1443462.6304868653,80.2152154,13.056021900000001,8.60595602033018,8.90595602033018,0.3,5000.0,9189470862.0,11148.125455174253
S2168756242,street,415015.06974112906,1443459.5628564118,80.2161512,13.055997,6.679657802891681,6.979657802891681,0.3,5000.0,2168756242.0,7630.481485424483
S12025137900,street,415215.8890028809,1443094.2159294826,80.2180137,13.0526992,7.724460725801372,8.024460725801372,0.3,5000.0,12025137900.0,9525.04472605178
S314643647,street,415453.1316697811,1443062.7839026202,80.2202026,13.052421600000002,6.938189463952034,7.238189463952033,0.3,5000.0,314643647.0,703.1828228249717
S315257894,street,415451.05602465937,1443082.4323078883,80.2201829,13.052599199999998,8.419663848123609,8.71966384812361,0.3,5000.0,315257894.0,10280.714581141327
S298358273,street,415344.303378062,1443091.475721123,80.2191981,13.052678,8.971316482003228,9.271316482003229,0.3,5000.0,298358273.0,6384.6038791924175
S11845925819,street,415344.1117665065,1443089.1095347896,80.2191964,13.052656599999997,8.964488973782785,9.264488973782786,0.3,5000.0,11845925819.0,6317.203679645114
S300216449,street,414438.58300850523,1443306.0499882195,80.2108388,13.054592800000002,9.99168580453107,10.29168580453107,0.3,5000.0,300216449.0,17307.904753247687
S11991399004,street,414521.0173666188,1443496.7950639103,80.2115936,13.056319800000002,7.441703472465104,7.741703472465104,0.3,5000.0,11991399004.0,2617.8858713557565
S11991399003,street,414497.67593578337,1443497.741355229,80.2113783,13.056327699999999,8.345326689450047,8.645326689450048,0.3,5000.0,11991399003.0,15829.315299735461
S300216437,street,414492.3847672765,1443299.014556676,80.2113352,13.0545307,9.102908579766012,9.402908579766013,0.3,5000.0,300216437.0,13083.166628516443
S10017757932,street,414463.91484256636,1443303.5491042167,80.2110725,13.054570900000002,9.754985907368738,10.054985907368739,0.3,5000.0,10017757932.0,4901.042755523269
S250364051,street,416695.73587823624,1443138.8541809008,80.2316606,13.053143700000001,8.640313555736586,8.940313555736587,0.3,5000.0,250364051.0,9600.888333454728
S250364126,street,416873.00472584704,1442995.30530229,80.2332995,13.051850599999998,8.875374577965772,9.175374577965773,0.3,5000.0,250364126.0,14261.288869917567
S250364048,street,416665.2056727068,1443032.530531974,80.231382,13.052181499999998,7.458798513702176,7.7587985137021755,0.3,5000.0,250364048.0,10659.162311613385
S2168676379,street,415251.05500557134,1443432.83313483,80.2183284,13.055761899999997,9.173425510607615,9.473425510607616,0.3,5000.0,2168676379.0,8330.051525090312
S298358280,street,415251.0475599739,1443374.1282376908,80.21833,13.0552311,9.327617059718552,9.627617059718553,0.3,5000.0,298358280.0,3418.7017512282355
S298358256,street,415245.68203418143,1443318.3706781205,80.2182821,13.054726799999997,7.776251344184243,8.076251344184243,0.3,5000.0,298358256.0,3678.486794364368
S298358268,street,415247.511604693,1443264.6701700047,80.2183005,13.054241299999997,7.77571057955639,8.07571057955639,0.3,5000.0,298358268.0,7105.9522330188
S298358310,street,415195.38746712083,1443232.105186652,80.2178207,13.053945399999998,8.08774938437428,8.387749384374281,0.3,5000.0,298358310.0,7254.5175531845125
S300216371,street,414516.91395985347,1442472.965221922,80.2115851,13.047062399999998,9.15080053384833,9.45080053384833,0.3,5000.0,300216371.0,30316.267190698152
S300216373,street,414494.12145177386,1442595.0026084937,80.2113714,13.0481652,9.352788615620142,9.652788615620143,0.3,5000.0,300216373.0,18311.295275268774
S6496056670,street,414498.24201559473,1442661.3591741384,80.2114075,13.048765300000003,10.960248809633956,11.260248809633957,0.3,5000.0,6496056670.0,13812.10744495643
S6496056668,street,414500.0114839168,1442689.9319887084,80.211423,13.049023699999998,9.994999706231912,10.294999706231913,0.3,5000.0,6496056668.0,15698.026124324158
S6496056671,street,414503.2035539397,1442775.02660827,80.21145,13.049793199999996,8.47244523531537,8.77244523531537,0.3,5000.0,6496056671.0,30279.42132664827
S2197415695,street,416869.4555568043,1442595.8410280026,80.2332779,13.048238599999998,7.724454590754388,8.024454590754388,0.3,5000.0,2197415695.0,10048.4182072034
S2197415697,street,416890.71320588264,1442676.5786876658,80.2334717,13.0489692,7.963232375260493,8.263232375260493,0.3,5000.0,2197415697.0,0.0
S2197415700,street,416904.41573277215,1442736.6133752922,80.2335964,13.049512399999998,8.936409236656843,9.236409236656844,0.3,5000.0,2197415700.0,0.0
S2197415764,street,416916.2513902366,1442792.4510356528,80.233704,13.0500176,9.55102389225647,9.851023892256471,0.3,5000.0,2197415764.0,7045.13548425045
S6776936043,street,416446.85405904514,1442197.5905751628,80.2293916,13.0446261,7.234161350854857,7.534161350854856,0.3,5000.0,6776936043.0,2880.845955028066
S864565814,street,416809.6655209411,1442509.2255177654,80.2327289,13.0474538,4.850659764819239,5.150659764819239,0.3,5000.0,864565814.0,9297.401097112024
S2197415692,street,416838.0527803804,1442505.689092184,80.2329908,13.047422599999999,4.865896290112863,5.165896290112863,0.3,5000.0,2197415692.0,751.2079517643109
OUT1,outfall,417533.7683784361,1441243.135926496,80.2394419208812,13.036025670763687,4.722,4.722,0.0,0.0,,0.0
OUT2,outfall,418297.8316815219,1443965.4859730185,80.24641363016228,13.060661468779696,5.002000000000001,5.002000000000001,0.0,0.0,,0.0
OUT3,outfall,417161.8950097988,1443082.111652082,80.23596142696388,13.05264337234299,5.0120000000000005,5.0120000000000005,0.0,0.0,,0.0
OUT4,outfall,418717.0969981229,1443184.118969938,80.2503018276283,13.053607667251304,5.1370000000000005,5.1370000000000005,0.0,0.0,,0.0
OUT5,outfall,417872.44875301194,1442741.7435443192,80.24252402597114,13.049585069941916,5.176,5.176,0.0,0.0,,0.0
OUT6,outfall,417434.30760430545,1443940.6276005288,80.23845002989968,13.060413371614652,5.667000000000001,5.667000000000001,0.0,0.0,,0.0
OUT7,outfall,416945.8512562084,1441752.8504862234,80.23400592246493,13.040618472793023,5.702,5.702,0.0,0.0,,0.0
OUT8,outfall,416587.8355834537,1441244.3481556096,80.23071842068711,13.036010873868637,5.7170000000000005,5.7170000000000005,0.0,0.0,,0.0
OUT9,outfall,417674.13396970613,1441880.0383797751,80.240718823043,13.041788270426458,5.921,5.921,0.0,0.0,,0.0
OUT10,outfall,416508.46343186416,1443003.6617397594,80.22993722656364,13.05191617447506,5.9990000000000006,5.9990000000000006,0.0,0.0,,0.0
OUT11,outfall,416419.0691882139,1442462.938310889,80.22912792473264,13.047024574662402,6.422000000000001,6.422000000000001,0.0,0.0,,0.0
OUT12,outfall,416916.61163720174,1442400.9792528753,80.2337182246298,13.046477973015838,6.503,6.503,0.0,0.0,,0.0
OUT13,outfall,415831.5549959815,1442908.3886980002,80.22369702610094,13.051036076680685,6.889,6.889,0.0,0.0,,0.0
OUT14,outfall,416397.4493489725,1441813.7461454684,80.22894672255343,13.041154074605608,7.301,7.301,0.0,0.0,,0.0
OUT15,outfall,414379.27002236526,1443676.7113361652,80.21028112836535,13.057942581607854,7.57,7.57,0.0,0.0,,0.0
OUT16,outfall,415046.0713882847,1443269.8349690277,80.21644252714474,13.054282379334122,7.745,7.745,0.0,0.0,,0.0
OUT17,outfall,415256.37975059485,1443766.319853184,80.21836802885466,13.05877737874196,7.75,7.75,0.0,0.0,,0.0
OUT18,outfall,415323.89424742246,1442448.5362780422,80.21902812445165,13.046864078257178,8.505,8.505,0.0,0.0,,0.0
OUT19,outfall,414017.6651572701,1443287.674587943,80.20695732698249,13.054414782717958,8.785,8.785,0.0,0.0,,0.0
OUT20,outfall,414604.2087211837,1443008.9666449656,80.21237482617516,13.051911280733998,8.866,8.866,0.0,0.0,,0.0
OUT21,outfall,414159.53346017865,1442381.1519986507,80.2082918239751,13.046222182068389,9.339,9.339,0.0,0.0,,0.0
